state,fy_start,fuel_litres,ef_grid,diesel_saved_tco2,grid_saved_tco2,gross_abatement_tco2,rebound_tco2,net_abatement_tco2,rebound_tco2_signed
Andaman and Nicobar Islands,2014,400,0.71,0.0,0.0,0.0,0.0,0.0,0.0
Andaman and Nicobar Islands,2015,400,0.71,0.0,0.0,0.0,0.0,0.0,0.0
Andaman and Nicobar Islands,2016,400,0.71,0.0,0.0,0.0,0.0,0.0,0.0
Andaman and Nicobar Islands,2017,400,0.71,0.0,0.0,0.0,0.0,0.0,0.0
Andaman and Nicobar Islands,2018,400,0.71,0.0,0.0,0.0,0.0,0.0,0.0
Andaman and Nicobar Islands,2019,400,0.71,0.0,0.0,0.0,0.0,0.0,0.0
Andaman and Nicobar Islands,2020,400,0.71,0.0,0.0,0.0,0.0,0.0,0.0
Andaman and Nicobar Islands,2021,400,0.71,0.0,0.0,0.0,0.0,0.0,0.0
Andaman and Nicobar Islands,2022,400,0.71,0.0,0.0,0.0,0.0,0.0,0.0
Andaman and Nicobar Islands,2023,400,0.71,0.0,0.0,0.0,0.0,0.0,0.0
Andaman and Nicobar Islands,2024,400,0.71,0.0,0.0,0.0,0.0,0.0,0.0
Andhra Pradesh,2014,400,0.71,0.0,0.0,0.0,0.0,0.0,0.0
Andhra Pradesh,2015,400,0.71,0.0,0.0,0.0,0.0,0.0,0.0
Andhra Pradesh,2016,400,0.71,0.0,0.0,0.0,0.0,0.0,0.0
Andhra Pradesh,2017,400,0.71,0.0,0.0,0.0,0.0,0.0,0.0
Andhra Pradesh,2018,400,0.71,0.0,0.0,0.0,0.0,0.0,0.0
Andhra Pradesh,2019,400,0.71,0.0,0.0,0.0,0.0,0.0,0.0
Andhra Pradesh,2020,400,0.71,0.0,0.0,0.0,0.0,0.0,0.0
Andhra Pradesh,2021,400,0.71,0.0,0.0,0.0,0.0,0.0,0.0
Andhra Pradesh,2022,400,0.71,0.0,0.0,0.0,0.0,0.0,0.0
Andhra Pradesh,2023,400,0.71,0.0,0.0,0.0,0.0,0.0,0.0
Andhra Pradesh,2024,400,0.71,0.0,0.0,0.0,0.0,0.0,0.0
Arunachal Pradesh,2014,400,0.71,0.0,0.0,0.0,0.0,0.0,0.0
Arunachal Pradesh,2015,400,0.71,0.0,0.0,0.0,0.0,0.0,0.0
Arunachal Pradesh,2016,400,0.71,0.0,0.0,0.0,0.0,0.0,0.0
Arunachal Pradesh,2017,400,0.71,0.0,0.0,0.0,0.0,0.0,0.0
Arunachal Pradesh,2018,400,0.71,0.0,0.0,0.0,0.0,0.0,0.0
Arunachal Pradesh,2019,400,0.71,0.0,0.0,0.0,0.0,0.0,0.0
Arunachal Pradesh,2020,400,0.71,13.18445280669326,0.0,13.18445280669326,0.0,19.776679210039887,0.0
Arunachal Pradesh,2021,400,0.71,39.2324895218995,3.926460483929502,43.158950005829006,0.0,62.93170016353257,0.0
Arunachal Pradesh,2022,400,0.71,90.49651028907458,2.0556460090978312,92.5521562981724,0.0,137.8823477554667,0.0
Arunachal Pradesh,2023,400,0.71,127.75943977804496,74.8573538350597,202.61679361310468,0.0,269.48026436625696,0.0
Arunachal Pradesh,2024,400,0.71,172.93001288160042,22.219808901400608,195.14982178300104,0.0,282.5004910293078,0.0
Assam,2014,400,0.71,0.0,0.0,0.0,0.0,0.0,0.0
Assam,2015,400,0.71,0.0,0.0,0.0,0.0,0.0,0.0
Assam,2016,400,0.71,0.0,0.0,0.0,0.0,0.0,0.0
Assam,2017,400,0.71,0.0,0.0,0.0,0.0,0.0,0.0
Assam,2018,400,0.71,0.0,0.0,0.0,0.0,0.0,0.0
Assam,2019,400,0.71,0.0,0.0,0.0,0.0,0.0,0.0
Assam,2020,400,0.71,0.0,0.0,0.0,0.0,0.0,0.0
Assam,2021,400,0.71,0.0,0.0,0.0,0.0,0.0,0.0
Assam,2022,400,0.71,0.0,0.0,0.0,0.0,0.0,0.0
Assam,2023,400,0.71,0.0,0.0,0.0,0.0,0.0,0.0
Assam,2024,400,0.71,0.0,0.0,0.0,0.0,0.0,0.0
Bihar,2014,400,0.71,0.0,0.0,0.0,0.0,0.0,0.0
Bihar,2015,400,0.71,0.0,0.0,0.0,0.0,0.0,0.0
Bihar,2016,400,0.71,0.0,0.0,0.0,0.0,0.0,0.0
Bihar,2017,400,0.71,0.0,0.0,0.0,0.0,0.0,0.0
Bihar,2018,400,0.71,0.0,0.0,0.0,0.0,0.0,0.0
Bihar,2019,400,0.71,0.0,0.0,0.0,0.0,0.0,0.0
Bihar,2020,400,0.71,0.0,0.0,0.0,0.0,0.0,0.0
Bihar,2021,400,0.71,0.0,0.0,0.0,0.0,0.0,0.0
Bihar,2022,400,0.71,0.0,0.0,0.0,0.0,0.0,0.0
Bihar,2023,400,0.71,0.0,0.0,0.0,0.0,0.0,0.0
Bihar,2024,400,0.71,0.0,0.0,0.0,0.0,0.0,0.0
Chandigarh,2014,400,0.71,0.0,0.0,0.0,0.0,0.0,0.0
Chandigarh,2015,400,0.71,0.0,0.0,0.0,0.0,0.0,0.0
Chandigarh,2016,400,0.71,0.0,0.0,0.0,0.0,0.0,0.0
Chandigarh,2017,400,0.71,0.0,0.0,0.0,0.0,0.0,0.0
Chandigarh,2018,400,0.71,0.0,0.0,0.0,0.0,0.0,0.0
Chandigarh,2019,400,0.71,0.0,0.0,0.0,0.0,0.0,0.0
Chandigarh,2020,400,0.71,0.0,0.0,0.0,0.0,0.0,0.0
Chandigarh,2021,400,0.71,0.0,0.0,0.0,0.0,0.0,0.0
Chandigarh,2022,400,0.71,0.0,0.0,0.0,0.0,0.0,0.0
Chandigarh,2023,400,0.71,0.0,0.0,0.0,0.0,0.0,0.0
Chandigarh,2024,400,0.71,0.0,0.0,0.0,0.0,0.0,0.0
Chhattisgarh,2014,400,0.71,0.0,0.0,0.0,0.0,0.0,0.0
Chhattisgarh,2015,400,0.71,0.0,0.0,0.0,0.0,0.0,0.0
Chhattisgarh,2016,400,0.71,0.0,0.0,0.0,0.0,0.0,0.0
Chhattisgarh,2017,400,0.71,0.0,0.0,0.0,0.0,0.0,0.0
Chhattisgarh,2018,400,0.71,0.0,0.0,0.0,0.0,0.0,0.0
Chhattisgarh,2019,400,0.71,0.0,0.0,0.0,0.0,0.0,0.0
Chhattisgarh,2020,400,0.71,0.0,0.0,0.0,0.0,0.0,0.0
Chhattisgarh,2021,400,0.71,0.0,0.0,0.0,0.0,0.0,0.0
Chhattisgarh,2022,400,0.71,0.0,0.0,0.0,0.0,0.0,0.0
Chhattisgarh,2023,400,0.71,0.0,0.0,0.0,0.0,0.0,0.0
Chhattisgarh,2024,400,0.71,0.0,0.0,0.0,0.0,0.0,0.0
Dadra and Nagar Haveli and Daman and Diu,2014,400,0.71,0.0,0.0,0.0,0.0,0.0,0.0
Dadra and Nagar Haveli and Daman and Diu,2015,400,0.71,0.0,0.0,0.0,0.0,0.0,0.0
Dadra and Nagar Haveli and Daman and Diu,2016,400,0.71,0.0,0.0,0.0,0.0,0.0,0.0
Dadra and Nagar Haveli and Daman and Diu,2017,400,0.71,0.0,0.0,0.0,0.0,0.0,0.0
Dadra and Nagar Haveli and Daman and Diu,2018,400,0.71,0.0,0.0,0.0,0.0,0.0,0.0
Dadra and Nagar Haveli and Daman and Diu,2019,400,0.71,0.0,0.0,0.0,0.0,0.0,0.0
Dadra and Nagar Haveli and Daman and Diu,2020,400,0.71,0.0,0.0,0.0,0.0,0.0,0.0
Dadra and Nagar Haveli and Daman and Diu,2021,400,0.71,0.0,0.0,0.0,0.0,0.0,0.0
Dadra and Nagar Haveli and Daman and Diu,2022,400,0.71,0.0,0.0,0.0,0.0,0.0,0.0
Dadra and Nagar Haveli and Daman and Diu,2023,400,0.71,0.0,0.0,0.0,0.0,0.0,0.0
Dadra and Nagar Haveli and Daman and Diu,2024,400,0.71,0.0,0.0,0.0,0.0,0.0,0.0
Delhi,2014,400,0.71,0.0,0.0,0.0,0.0,0.0,0.0
Delhi,2015,400,0.71,0.0,0.0,0.0,0.0,0.0,0.0
Delhi,2016,400,0.71,0.0,0.0,0.0,0.0,0.0,0.0
Delhi,2017,400,0.71,0.0,0.0,0.0,0.0,0.0,0.0
Delhi,2018,400,0.71,0.0,0.0,0.0,0.0,0.0,0.0
Delhi,2019,400,0.71,0.0,0.0,0.0,0.0,0.0,0.0
Delhi,2020,400,0.71,0.0,0.0,0.0,0.0,0.0,0.0
Delhi,2021,400,0.71,0.0,0.0,0.0,0.0,0.0,0.0
Delhi,2022,400,0.71,0.0,0.0,0.0,0.0,0.0,0.0
Delhi,2023,400,0.71,0.0,0.0,0.0,0.0,0.0,0.0
Delhi,2024,400,0.71,0.0,0.0,0.0,0.0,0.0,0.0
Goa,2014,400,0.71,0.0,0.0,0.0,0.0,0.0,0.0
Goa,2015,400,0.71,0.0,0.0,0.0,0.0,0.0,0.0
Goa,2016,400,0.71,0.0,0.0,0.0,0.0,0.0,0.0
Goa,2017,400,0.71,0.0,0.0,0.0,0.0,0.0,0.0
Goa,2018,400,0.71,0.0,0.0,0.0,0.0,0.0,0.0
Goa,2019,400,0.71,0.0,0.0,0.0,0.0,0.0,0.0
Goa,2020,400,0.71,18.28000389142913,0.0,18.28000389142913,0.8825127303921221,26.53749310675157,0.8825127303921221
Goa,2021,400,0.71,54.39513278599584,5.443966008914387,59.83909879491022,1.8162074586112322,85.43744961387758,1.8162074586112322
Goa,2022,400,0.71,125.47176469889024,2.85011578384448,128.3218804827347,8.723751246239127,182.44761479253617,8.723751246239127
Goa,2023,400,0.71,177.1361383404436,103.7883588701001,280.9244972105437,14.291243126833832,359.33823953002155,14.291243126833832
Goa,2024,400,0.71,239.7643159536921,30.80736069518282,270.57167664887487,19.297949651583675,372.3838403370579,19.297949651583675
Gujarat,2014,400,0.71,0.0,0.0,0.0,0.0,0.0,0.0
Gujarat,2015,400,0.71,0.0,0.0,0.0,0.0,0.0,0.0
Gujarat,2016,400,0.71,0.0,0.0,0.0,0.0,0.0,0.0
Gujarat,2017,400,0.71,0.0,0.0,0.0,0.0,0.0,0.0
Gujarat,2018,400,0.71,0.0,0.0,0.0,0.0,0.0,0.0
Gujarat,2019,400,0.71,0.0,0.0,0.0,0.0,0.0,0.0
Gujarat,2020,400,0.71,4468.112801167429,0.0,4468.112801167429,772.2011590221562,5929.968042728988,772.2011590221562
Gujarat,2021,400,0.71,13295.598325133014,1330.64819668641,14626.246521819425,2424.9431706729392,18902.14102634148,2424.9431706729392
Gujarat,2022,400,0.71,30668.59292623212,696.6431131109166,31365.236039343035,5772.887837646017,40954.41227058918,5772.887837646017
Gujarat,2023,400,0.71,43296.722034035854,25368.59935227281,68665.32138630867,8447.64850764007,82877.20482761513,8447.64850764007
Gujarat,2024,400,0.71,58604.69263237612,7530.127647120928,66134.82027949706,11161.262746103757,84576.04837410744,11161.262746103757
Haryana,2014,400,0.71,0.0,0.0,0.0,0.0,0.0,0.0
Haryana,2015,400,0.71,0.0,0.0,0.0,0.0,0.0,0.0
Haryana,2016,400,0.71,0.0,0.0,0.0,0.0,0.0,0.0
Haryana,2017,400,0.71,0.0,0.0,0.0,0.0,0.0,0.0
Haryana,2018,400,0.71,0.0,0.0,0.0,0.0,0.0,0.0
Haryana,2019,400,0.71,0.0,0.0,0.0,0.0,0.0,0.0
Haryana,2020,400,0.71,3589.11881404806,0.0,3589.11881404806,1953.5490587112172,3430.1291623608713,1953.5490587112172
Haryana,2021,400,0.71,10680.008365118409,1068.875091147762,11748.883456266169,5896.5803346233215,11234.911762060474,5896.5803346233215
Haryana,2022,400,0.71,24635.28312068599,559.595295644755,25194.878416330743,12258.02088718499,25276.804085075717,12258.02088718499
Haryana,2023,400,0.71,34779.130821935614,20377.936116004043,55157.06693793966,17823.167227052374,55535.71243464794,17823.167227052374
Haryana,2024,400,0.71,47075.62549974285,6048.755708093064,53124.38120783591,22485.822977462394,54417.469271145004,22485.822977462394
Himachal Pradesh,2014,400,0.71,0.0,0.0,0.0,0.0,0.0,0.0
Himachal Pradesh,2015,400,0.71,0.0,0.0,0.0,0.0,0.0,0.0
Himachal Pradesh,2016,400,0.71,0.0,0.0,0.0,0.0,0.0,0.0
Himachal Pradesh,2017,400,0.71,0.0,0.0,0.0,0.0,0.0,0.0
Himachal Pradesh,2018,400,0.71,0.0,0.0,0.0,0.0,0.0,0.0
Himachal Pradesh,2019,400,0.71,0.0,0.0,0.0,0.0,0.0,0.0
Himachal Pradesh,2020,400,0.71,21.91315466485067,0.0,21.91315466485067,3.1288758277775433,29.740856169498457,3.1288758277775433
Himachal Pradesh,2021,400,0.71,65.2061654272125,6.5259542531861205,71.73211968039861,8.95986245834247,95.63545895730348,8.95986245834247
Himachal Pradesh,2022,400,0.71,150.40927793279468,3.4165762958835697,153.82585422867825,20.074382592745348,209.09229244623657,20.074382592745348
Himachal Pradesh,2023,400,0.71,212.3419458356068,124.4162951955325,336.7582410311393,28.01826804189553,419.8700742930099,28.01826804189553
Himachal Pradesh,2024,400,0.71,287.41747374948835,36.9303236333504,324.34779738283873,35.82599914006017,433.7025466088239,35.82599914006017
Jammu and Kashmir,2014,400,0.71,0.0,0.0,0.0,0.0,0.0,0.0
Jammu and Kashmir,2015,400,0.71,0.0,0.0,0.0,0.0,0.0,0.0
Jammu and Kashmir,2016,400,0.71,0.0,0.0,0.0,0.0,0.0,0.0
Jammu and Kashmir,2017,400,0.71,0.0,0.0,0.0,0.0,0.0,0.0
Jammu and Kashmir,2018,400,0.71,0.0,0.0,0.0,0.0,0.0,0.0
Jammu and Kashmir,2019,400,0.71,0.0,0.0,0.0,0.0,0.0,0.0
Jammu and Kashmir,2020,400,0.71,66.03651405778773,0.0,66.03651405778773,5.192090275455328,93.86268081122627,5.192090275455328
Jammu and Kashmir,2021,400,0.71,196.50241718941,19.666327207203224,216.1687443966132,15.47526175060523,299.7285744237606,15.47526175060523
Jammu and Kashmir,2022,400,0.71,453.26674997474095,10.29604326913818,463.5627932438791,39.30233315644199,651.304226658634,39.30233315644199
Jammu and Kashmir,2023,400,0.71,639.9042997548526,374.9354464182366,1014.8397461730892,58.464024438728615,1291.2724816591615,58.464024438728615
Jammu and Kashmir,2024,400,0.71,866.1485913827127,111.29159051134792,977.4401818940606,67.79678850424223,1347.153677829726,67.79678850424223
Jharkhand,2014,400,0.71,0.0,0.0,0.0,0.0,0.0,0.0
Jharkhand,2015,400,0.71,0.0,0.0,0.0,0.0,0.0,0.0
Jharkhand,2016,400,0.71,0.0,0.0,0.0,0.0,0.0,0.0
Jharkhand,2017,400,0.71,0.0,0.0,0.0,0.0,0.0,0.0
Jharkhand,2018,400,0.71,0.0,0.0,0.0,0.0,0.0,0.0
Jharkhand,2019,400,0.71,0.0,0.0,0.0,0.0,0.0,0.0
Jharkhand,2020,400,0.71,810.2383224827319,0.0,810.2383224827319,104.61743873918913,1110.7400449849085,104.61743873918913
Jharkhand,2021,400,0.71,2410.996266823284,241.2969883876191,2652.2932552109023,364.0565242151436,3503.352758451583,364.0565242151436
Jharkhand,2022,400,0.71,5561.379130572436,126.32781947417676,5687.706950046613,634.6386468671627,7838.793188594005,634.6386468671627
Jharkhand,2023,400,0.71,7851.337911767237,4600.2892714686,12451.627183235836,930.1541356621138,15630.505646249681,930.1541356621138
Jharkhand,2024,400,0.71,10627.25359925246,1365.4977536131096,11992.751352865567,1173.4563987418016,16187.349340267252,1173.4563987418016
Karnataka,2014,400,0.71,0.0,0.0,0.0,0.0,0.0,0.0
Karnataka,2015,400,0.71,0.0,0.0,0.0,0.0,0.0,0.0
Karnataka,2016,400,0.71,0.0,0.0,0.0,0.0,0.0,0.0
Karnataka,2017,400,0.71,0.0,0.0,0.0,0.0,0.0,0.0
Karnataka,2018,400,0.71,0.0,0.0,0.0,0.0,0.0,0.0
Karnataka,2019,400,0.71,0.0,0.0,0.0,0.0,0.0,0.0
Karnataka,2020,400,0.71,542.9389655803094,0.0,542.9389655803094,131.59207820651207,682.8163701639521,131.59207820651207
Karnataka,2021,400,0.71,1615.603437660059,161.69259542226845,1777.2960330823273,396.31065042226965,2195.232031701989,396.31065042226965
Karnataka,2022,400,0.71,3726.6682512629136,84.65200142491085,3811.320252687824,979.0295991628499,4698.998936396326,979.0295991628499
Karnataka,2023,400,0.71,5261.164728884101,3082.643993890561,8343.808722774662,1316.1083495019693,9781.154322259958,1316.1083495019693
Karnataka,2024,400,0.71,7121.299889219597,915.0171218477988,8036.317011067396,1712.2643239623742,9921.17444093777,1712.2643239623742
Kerala,2014,400,0.71,0.0,0.0,0.0,0.0,0.0,0.0
Kerala,2015,400,0.71,0.0,0.0,0.0,0.0,0.0,0.0
Kerala,2016,400,0.71,0.0,0.0,0.0,0.0,0.0,0.0
Kerala,2017,400,0.71,0.0,0.0,0.0,0.0,0.0,0.0
Kerala,2018,400,0.71,0.0,0.0,0.0,0.0,0.0,0.0
Kerala,2019,400,0.71,0.0,0.0,0.0,0.0,0.0,0.0
Kerala,2020,400,0.71,300.95741406751625,0.0,300.95741406751625,52.641880731349545,398.794240369925,52.641880731349545
Kerala,2021,400,0.71,895.5478674054389,89.62809537926424,985.1759627847032,164.1903897376074,1272.3320068895805,164.1903897376074
Kerala,2022,400,0.71,2065.735766061354,46.923593736269545,2112.6593597976234,388.4212954182479,2758.976282202639,388.4212954182479
Kerala,2023,400,0.71,2916.3250976024783,1708.7455933476106,4625.070690950089,600.6050827002501,5550.737312391554,600.6050827002501
Kerala,2024,400,0.71,3947.419756782597,507.204684645316,4454.624441427914,745.8227737682804,5702.728296157217,745.8227737682804
Ladakh,2014,400,0.71,0.0,0.0,0.0,0.0,0.0,0.0
Ladakh,2015,400,0.71,0.0,0.0,0.0,0.0,0.0,0.0
Ladakh,2016,400,0.71,0.0,0.0,0.0,0.0,0.0,0.0
Ladakh,2017,400,0.71,0.0,0.0,0.0,0.0,0.0,0.0
Ladakh,2018,400,0.71,0.0,0.0,0.0,0.0,0.0,0.0
Ladakh,2019,400,0.71,0.0,0.0,0.0,0.0,0.0,0.0
Ladakh,2020,400,0.71,0.0,0.0,0.0,0.0,0.0,0.0
Ladakh,2021,400,0.71,0.0,0.0,0.0,0.0,0.0,0.0
Ladakh,2022,400,0.71,0.0,0.0,0.0,0.0,0.0,0.0
Ladakh,2023,400,0.71,0.0,0.0,0.0,0.0,0.0,0.0
Ladakh,2024,400,0.71,0.0,0.0,0.0,0.0,0.0,0.0
Lakshadweep,2014,400,0.71,0.0,0.0,0.0,0.0,0.0,0.0
Lakshadweep,2015,400,0.71,0.0,0.0,0.0,0.0,0.0,0.0
Lakshadweep,2016,400,0.71,0.0,0.0,0.0,0.0,0.0,0.0
Lakshadweep,2017,400,0.71,0.0,0.0,0.0,0.0,0.0,0.0
Lakshadweep,2018,400,0.71,0.0,0.0,0.0,0.0,0.0,0.0
Lakshadweep,2019,400,0.71,0.0,0.0,0.0,0.0,0.0,0.0
Lakshadweep,2020,400,0.71,0.0,0.0,0.0,0.0,0.0,0.0
Lakshadweep,2021,400,0.71,0.0,0.0,0.0,0.0,0.0,0.0
Lakshadweep,2022,400,0.71,0.0,0.0,0.0,0.0,0.0,0.0
Lakshadweep,2023,400,0.71,0.0,0.0,0.0,0.0,0.0,0.0
Lakshadweep,2024,400,0.71,0.0,0.0,0.0,0.0,0.0,0.0
Madhya Pradesh,2014,400,0.71,0.0,0.0,0.0,0.0,0.0,0.0
Madhya Pradesh,2015,400,0.71,0.0,0.0,0.0,0.0,0.0,0.0
Madhya Pradesh,2016,400,0.71,0.0,0.0,0.0,0.0,0.0,0.0
Madhya Pradesh,2017,400,0.71,0.0,0.0,0.0,0.0,0.0,0.0
Madhya Pradesh,2018,400,0.71,0.0,0.0,0.0,0.0,0.0,0.0
Madhya Pradesh,2019,400,0.71,0.0,0.0,0.0,0.0,0.0,0.0
Madhya Pradesh,2020,400,0.71,540.1969649965949,0.0,540.1969649965949,113.0621414389644,697.233306055928,113.0621414389644
Madhya Pradesh,2021,400,0.71,1607.4441677421592,160.87600052093126,1768.3201682630904,341.82239054760976,2236.6322430157747,341.82239054760976
Madhya Pradesh,2022,400,0.71,3707.84748655808,84.22448405733417,3792.071970615414,797.0912769354502,4852.261553717909,797.0912769354502
Madhya Pradesh,2023,400,0.71,5234.594308133034,3067.075740060046,8301.67004819308,1161.0454274237757,9880.172821939625,1161.0454274237757
Madhya Pradesh,2024,400,0.71,7085.335241826543,910.3960177435212,7995.731259570064,1453.6999748169158,10120.986521584928,1453.6999748169158
Maharashtra,2014,400,0.71,0.0,0.0,0.0,0.0,0.0,0.0
Maharashtra,2015,400,0.71,0.0,0.0,0.0,0.0,0.0,0.0
Maharashtra,2016,400,0.71,0.0,0.0,0.0,0.0,0.0,0.0
Maharashtra,2017,400,0.71,0.0,0.0,0.0,0.0,0.0,0.0
Maharashtra,2018,400,0.71,0.0,0.0,0.0,0.0,0.0,0.0
Maharashtra,2019,400,0.71,0.0,0.0,0.0,0.0,0.0,0.0
Maharashtra,2020,400,0.71,16612.387686428643,0.0,16612.387686428643,1596.1617456789713,23322.41978396399,1596.1617456789713
Maharashtra,2021,400,0.71,49432.86880367739,4947.333404793661,54380.20220847105,4800.825971453702,74493.007167526,4800.825971453702
Maharashtra,2022,400,0.71,114025.4461245281,2590.110408818537,116615.55653334664,10652.538129646446,163078.98107803406,10652.538129646446
Maharashtra,2023,400,0.71,160976.67270016373,94320.13609672664,255296.8087968904,32714.903169743215,306829.76289488724,32714.903169743215
Maharashtra,2024,400,0.71,217891.5165254216,27996.9207065639,245888.4372319855,40563.53291684268,315386.5961778476,40563.53291684268
Manipur,2014,400,0.71,0.0,0.0,0.0,0.0,0.0,0.0
Manipur,2015,400,0.71,0.0,0.0,0.0,0.0,0.0,0.0
Manipur,2016,400,0.71,0.0,0.0,0.0,0.0,0.0,0.0
Manipur,2017,400,0.71,0.0,0.0,0.0,0.0,0.0,0.0
Manipur,2018,400,0.71,0.0,0.0,0.0,0.0,0.0,0.0
Manipur,2019,400,0.71,0.0,0.0,0.0,0.0,0.0,0.0
Manipur,2020,400,0.71,1.78230037941434,0.0,1.78230037941434,0.09830003586258518,2.575150533258925,0.09830003586258518
Manipur,2021,400,0.71,5.303525446634594,0.5307866858691528,5.834312132503746,0.2666073835421032,8.240624181025556,0.2666073835421032
Manipur,2022,400,0.71,12.2334970581418,0.2778862889248367,12.511383347066635,0.5483638402227089,18.09084434855789,0.5483638402227089
Manipur,2023,400,0.71,17.270773488193257,10.11936498983476,27.390138478028017,0.8150422349475307,35.613832324095874,0.8150422349475307
Manipur,2024,400,0.71,23.37702080548498,3.003717667780325,26.380738473265307,1.0265986965459453,37.162375827346615,1.0265986965459453
Meghalaya,2014,400,0.71,0.0,0.0,0.0,0.0,0.0,0.0
Meghalaya,2015,400,0.71,0.0,0.0,0.0,0.0,0.0,0.0
Meghalaya,2016,400,0.71,0.0,0.0,0.0,0.0,0.0,0.0
Meghalaya,2017,400,0.71,0.0,0.0,0.0,0.0,0.0,0.0
Meghalaya,2018,400,0.71,0.0,0.0,0.0,0.0,0.0,0.0
Meghalaya,2019,400,0.71,0.0,0.0,0.0,0.0,0.0,0.0
Meghalaya,2020,400,0.71,2.2393004767000684,0.0,2.2393004767000684,0.1029976890071145,3.2559530260429876,0.1029976890071145
Meghalaya,2021,400,0.71,6.663403766284492,0.6668858360920125,7.330289602376504,0.2991559772648613,10.389417014115018,0.2991559772648613
Meghalaya,2022,400,0.71,15.370291175614057,0.3491391835209487,15.719430359135004,0.6889699531003265,22.729522386649645,0.6889699531003265
Meghalaya,2023,400,0.71,21.699176946704345,12.714073961587266,34.41325090829161,1.024027423395616,44.74558420206918,1.024027423395616
Meghalaya,2024,400,0.71,29.37112870432728,3.773901685159895,33.145030389487175,1.2898291315577266,46.69119014205088,1.2898291315577266
Mizoram,2014,400,0.71,0.0,0.0,0.0,0.0,0.0,0.0
Mizoram,2015,400,0.71,0.0,0.0,0.0,0.0,0.0,0.0
Mizoram,2016,400,0.71,0.0,0.0,0.0,0.0,0.0,0.0
Mizoram,2017,400,0.71,0.0,0.0,0.0,0.0,0.0,0.0
Mizoram,2018,400,0.71,0.0,0.0,0.0,0.0,0.0,0.0
Mizoram,2019,400,0.71,0.0,0.0,0.0,0.0,0.0,0.0
Mizoram,2020,400,0.71,0.9140001945714564,0.0,0.9140001945714564,0.055524360650735585,1.315475931206449,0.055524360650735585
Mizoram,2021,400,0.71,2.719756639299792,0.2721983004457193,2.9919549397455114,0.16759438502233126,4.195088468602108,0.16759438502233126
Mizoram,2022,400,0.71,6.273588234944512,0.1425057891922239,6.416094024136736,0.37494963434031375,9.183618667598454,0.37494963434031375
Mizoram,2023,400,0.71,8.856806917022183,5.189417943505005,14.04622486052719,0.41797037689616967,18.263503755946605,0.41797037689616967
Mizoram,2024,400,0.71,11.988215797684605,1.5403680347591406,13.528583832443744,0.5264608700235617,19.057628629408512,0.5264608700235617
Nagaland,2014,400,0.71,0.0,0.0,0.0,0.0,0.0,0.0
Nagaland,2015,400,0.71,0.0,0.0,0.0,0.0,0.0,0.0
Nagaland,2016,400,0.71,0.0,0.0,0.0,0.0,0.0,0.0
Nagaland,2017,400,0.71,0.0,0.0,0.0,0.0,0.0,0.0
Nagaland,2018,400,0.71,0.0,0.0,0.0,0.0,0.0,0.0
Nagaland,2019,400,0.71,0.0,0.0,0.0,0.0,0.0,0.0
Nagaland,2020,400,0.71,1.4852503161786166,0.0,1.4852503161786166,0.06996422351064617,2.157911250757279,0.06996422351064617
Nagaland,2021,400,0.71,4.4196045388621625,0.442322238224294,4.861926777086457,0.08481802695383343,7.004541610185884,0.08481802695383343
Nagaland,2022,400,0.71,10.194580881784834,0.231571907437364,10.426152789222195,0.4569698668522575,15.075703623798237,0.4569698668522575
Nagaland,2023,400,0.71,14.392311240161042,8.432804158195633,22.82511539835668,0.6792018624562757,29.67819360341323,0.6792018624562757
Nagaland,2024,400,0.71,19.480850671237484,2.503098056483604,21.98394872772109,0.8554989137882878,30.968646522788845,0.8554989137882878
Odisha,2014,400,0.71,0.0,0.0,0.0,0.0,0.0,0.0
Odisha,2015,400,0.71,0.0,0.0,0.0,0.0,0.0,0.0
Odisha,2016,400,0.71,0.0,0.0,0.0,0.0,0.0,0.0
Odisha,2017,400,0.71,0.0,0.0,0.0,0.0,0.0,0.0
Odisha,2018,400,0.71,0.0,0.0,0.0,0.0,0.0,0.0
Odisha,2019,400,0.71,0.0,0.0,0.0,0.0,0.0,0.0
Odisha,2020,400,0.71,130.61062780426113,0.0,130.61062780426113,18.96298872800953,176.95295297838217,18.96298872800953
Odisha,2021,400,0.71,388.6532237559402,38.8971371336933,427.5503608896335,59.05029659129446,564.3770831916381,59.05029659129446
Odisha,2022,400,0.71,896.4957587735709,20.364077275568807,916.8598360491396,144.41928864247424,1221.5001217045758,144.41928864247424
Odisha,2023,400,0.71,1265.6377084424694,741.5678241268653,2007.2055325693343,221.375736364206,2448.206917219026,221.375736364206
Odisha,2024,400,0.71,1713.11603748913,220.11859216708123,1933.2346296562112,290.2722871264542,2508.294102342391,290.2722871264542
Puducherry,2014,400,0.71,0.0,0.0,0.0,0.0,0.0,0.0
Puducherry,2015,400,0.71,0.0,0.0,0.0,0.0,0.0,0.0
Puducherry,2016,400,0.71,0.0,0.0,0.0,0.0,0.0,0.0
Puducherry,2017,400,0.71,0.0,0.0,0.0,0.0,0.0,0.0
Puducherry,2018,400,0.71,0.0,0.0,0.0,0.0,0.0,0.0
Puducherry,2019,400,0.71,0.0,0.0,0.0,0.0,0.0,0.0
Puducherry,2020,400,0.71,0.0,0.0,0.0,0.0,0.0,0.0
Puducherry,2021,400,0.71,0.0,0.0,0.0,0.0,0.0,0.0
Puducherry,2022,400,0.71,0.0,0.0,0.0,0.0,0.0,0.0
Puducherry,2023,400,0.71,0.0,0.0,0.0,0.0,0.0,0.0
Puducherry,2024,400,0.71,0.0,0.0,0.0,0.0,0.0,0.0
Punjab,2014,400,0.71,0.0,0.0,0.0,0.0,0.0,0.0
Punjab,2015,400,0.71,0.0,0.0,0.0,0.0,0.0,0.0
Punjab,2016,400,0.71,0.0,0.0,0.0,0.0,0.0,0.0
Punjab,2017,400,0.71,0.0,0.0,0.0,0.0,0.0,0.0
Punjab,2018,400,0.71,0.0,0.0,0.0,0.0,0.0,0.0
Punjab,2019,400,0.71,0.0,0.0,0.0,0.0,0.0,0.0
Punjab,2020,400,0.71,343.3213230859034,0.0,343.3213230859034,206.60319456230863,308.37879006654634,206.60319456230863
Punjab,2021,400,0.71,1021.6085876369845,102.24448660492334,1123.8530742419075,621.6449587203809,1017.0877881722996,621.6449587203809
Punjab,2022,400,0.71,2356.516580751032,53.528737065329125,2410.045317816361,1393.4694704414226,2196.967747974327,1393.4694704414226
Punjab,2023,400,0.71,3326.8380982064564,1949.275115029068,5276.113213235524,2056.827209061528,4960.401512087537,2056.827209061528
Punjab,2024,400,0.71,4503.07355900528,578.6007430564024,5081.674302061682,2481.7067962519136,4874.566821972263,2481.7067962519136
Rajasthan,2014,400,0.71,0.0,0.0,0.0,0.0,0.0,0.0
Rajasthan,2015,400,0.71,0.0,0.0,0.0,0.0,0.0,0.0
Rajasthan,2016,400,0.71,0.0,0.0,0.0,0.0,0.0,0.0
Rajasthan,2017,400,0.71,0.0,0.0,0.0,0.0,0.0,0.0
Rajasthan,2018,400,0.71,0.0,0.0,0.0,0.0,0.0,0.0
Rajasthan,2019,400,0.71,0.0,0.0,0.0,0.0,0.0,0.0
Rajasthan,2020,400,0.71,3562.5214083860296,0.0,3562.5214083860296,1793.5043034496218,3550.277809129423,1793.5043034496218
Rajasthan,2021,400,0.71,10600.86344691478,1060.9541206047911,11661.81756751957,5503.5422638465825,11500.995761796741,5503.5422638465825
Rajasthan,2022,400,0.71,24452.721703049097,555.4483771792612,25008.17008022836,13181.6656414279,24075.00499324638,13181.6656414279
Rajasthan,2023,400,0.71,34521.397740650274,20226.924053848048,54748.32179449832,19389.296302462375,53425.95246197222,19389.296302462375
Rajasthan,2024,400,0.71,46726.76842003023,6003.930998281572,52730.69941831179,24601.01393877139,51732.38130540252,24601.01393877139
Sikkim,2014,400,0.71,0.0,0.0,0.0,0.0,0.0,0.0
Sikkim,2015,400,0.71,0.0,0.0,0.0,0.0,0.0,0.0
Sikkim,2016,400,0.71,0.0,0.0,0.0,0.0,0.0,0.0
Sikkim,2017,400,0.71,0.0,0.0,0.0,0.0,0.0,0.0
Sikkim,2018,400,0.71,0.0,0.0,0.0,0.0,0.0,0.0
Sikkim,2019,400,0.71,0.0,0.0,0.0,0.0,0.0,0.0
Sikkim,2020,400,0.71,0.0,0.0,0.0,0.0,0.0,0.0
Sikkim,2021,400,0.71,0.0,0.0,0.0,0.0,0.0,0.0
Sikkim,2022,400,0.71,0.0,0.0,0.0,0.0,0.0,0.0
Sikkim,2023,400,0.71,0.0,0.0,0.0,0.0,0.0,0.0
Sikkim,2024,400,0.71,0.0,0.0,0.0,0.0,0.0,0.0
Tamil Nadu,2014,400,0.71,0.0,0.0,0.0,0.0,0.0,0.0
Tamil Nadu,2015,400,0.71,0.0,0.0,0.0,0.0,0.0,0.0
Tamil Nadu,2016,400,0.71,0.0,0.0,0.0,0.0,0.0,0.0
Tamil Nadu,2017,400,0.71,0.0,0.0,0.0,0.0,0.0,0.0
Tamil Nadu,2018,400,0.71,0.0,0.0,0.0,0.0,0.0,0.0
Tamil Nadu,2019,400,0.71,0.0,0.0,0.0,0.0,0.0,0.0
Tamil Nadu,2020,400,0.71,95.6729703667672,0.0,95.6729703667672,27.70650035909166,115.80295519105913,27.70650035909166
Tamil Nadu,2021,400,0.71,284.69052621870577,28.49235709915568,313.18288331786147,88.65171720331998,368.0121104998185,88.65171720331998
Tamil Nadu,2022,400,0.71,656.6878484928168,14.916793483696049,671.6046419765129,180.22591503103536,820.317221974405,180.22591503103536
Tamil Nadu,2023,400,0.71,927.0862640392968,543.2023232363864,1470.2885872756833,258.6912037192592,1696.792101136058,258.6912037192592
Tamil Nadu,2024,400,0.71,1254.8664886226363,161.23802403841307,1416.1045126610493,327.38139775737073,1722.5831705956823,327.38139775737073
Telangana,2014,400,0.71,0.0,0.0,0.0,0.0,0.0,0.0
Telangana,2015,400,0.71,0.0,0.0,0.0,0.0,0.0,0.0
Telangana,2016,400,0.71,0.0,0.0,0.0,0.0,0.0,0.0
Telangana,2017,400,0.71,0.0,0.0,0.0,0.0,0.0,0.0
Telangana,2018,400,0.71,0.0,0.0,0.0,0.0,0.0,0.0
Telangana,2019,400,0.71,0.0,0.0,0.0,0.0,0.0,0.0
Telangana,2020,400,0.71,0.0,0.0,0.0,0.0,0.0,0.0
Telangana,2021,400,0.71,0.0,0.0,0.0,0.0,0.0,0.0
Telangana,2022,400,0.71,0.0,0.0,0.0,0.0,0.0,0.0
Telangana,2023,400,0.71,0.0,0.0,0.0,0.0,0.0,0.0
Telangana,2024,400,0.71,0.0,0.0,0.0,0.0,0.0,0.0
Tripura,2014,400,0.71,0.0,0.0,0.0,0.0,0.0,0.0
Tripura,2015,400,0.71,0.0,0.0,0.0,0.0,0.0,0.0
Tripura,2016,400,0.71,0.0,0.0,0.0,0.0,0.0,0.0
Tripura,2017,400,0.71,0.0,0.0,0.0,0.0,0.0,0.0
Tripura,2018,400,0.71,0.0,0.0,0.0,0.0,0.0,0.0
Tripura,2019,400,0.71,0.0,0.0,0.0,0.0,0.0,0.0
Tripura,2020,400,0.71,120.09962556668938,0.0,120.09962556668938,5.471925742129993,174.67751260790405,5.471925742129993
Tripura,2021,400,0.71,357.3760224039926,35.76685667856753,393.1428790825601,16.33291079235129,556.9236161739002,16.33291079235129
Tripura,2022,400,0.71,824.3494940717089,18.72526069985823,843.0747547715672,36.95128646423792,1219.0445884105159,36.95128646423792
Tripura,2023,400,0.71,1163.7844288967144,681.8895177765578,1845.673946673272,54.92130752415669,2399.824393531383,54.92130752415669
Tripura,2024,400,0.71,1575.251555815757,202.4043597673512,1777.6559155831085,69.17695832109601,2504.17240190428,69.17695832109601
Uttar Pradesh,2014,400,0.71,0.0,0.0,0.0,0.0,0.0,0.0
Uttar Pradesh,2015,400,0.71,0.0,0.0,0.0,0.0,0.0,0.0
Uttar Pradesh,2016,400,0.71,0.0,0.0,0.0,0.0,0.0,0.0
Uttar Pradesh,2017,400,0.71,0.0,0.0,0.0,0.0,0.0,0.0
Uttar Pradesh,2018,400,0.71,0.0,0.0,0.0,0.0,0.0,0.0
Uttar Pradesh,2019,400,0.71,0.0,0.0,0.0,0.0,0.0,0.0
Uttar Pradesh,2020,400,0.71,1608.8231424846774,0.0,1608.8231424846774,423.6610078991361,1989.5737058278796,423.6610078991361
Uttar Pradesh,2021,400,0.71,4787.315636495493,479.1234484445552,5266.439084940048,1243.7151364935876,6435.479222456153,1243.7151364935876
Uttar Pradesh,2022,400,0.71,11042.77001114933,250.83869013615265,11293.608701285482,2877.5782830809712,13947.413641991645,2877.5782830809712
Uttar Pradesh,2023,400,0.71,15589.75153534244,9134.413464157513,24724.16499949996,4164.715418121461,28718.415350508392,4164.715418121461
Uttar Pradesh,2024,400,0.71,21101.657447084443,2711.35581478304,23813.013261867483,5222.748322369608,29249.166014530743,5222.748322369608
Uttarakhand,2014,400,0.71,0.0,0.0,0.0,0.0,0.0,0.0
Uttarakhand,2015,400,0.71,0.0,0.0,0.0,0.0,0.0,0.0
Uttarakhand,2016,400,0.71,0.0,0.0,0.0,0.0,0.0,0.0
Uttarakhand,2017,400,0.71,0.0,0.0,0.0,0.0,0.0,0.0
Uttarakhand,2018,400,0.71,0.0,0.0,0.0,0.0,0.0,0.0
Uttarakhand,2019,400,0.71,0.0,0.0,0.0,0.0,0.0,0.0
Uttarakhand,2020,400,0.71,31.23595664947953,0.0,31.23595664947953,5.5345634540012805,41.319371520218006,5.5345634540012805
Uttarakhand,2021,400,0.71,92.94768314807038,9.30237691773246,102.25006006580284,16.3423290561625,132.75235746645276,16.3423290561625
Uttarakhand,2022,400,0.71,214.3998779292287,4.870135345644254,219.27001327487287,37.29222969073241,289.37184202802496,37.29222969073241
Uttarakhand,2023,400,0.71,302.68137638923304,177.34835821928357,480.0297346085166,59.067765929340084,579.3716125605616,59.067765929340084
Uttarakhand,2024,400,0.71,409.6972748858713,52.642077587893645,462.33935247376496,77.06247875822213,592.2237798848693,77.06247875822213
West Bengal,2014,400,0.71,0.0,0.0,0.0,0.0,0.0,0.0
West Bengal,2015,400,0.71,0.0,0.0,0.0,0.0,0.0,0.0
West Bengal,2016,400,0.71,0.0,0.0,0.0,0.0,0.0,0.0
West Bengal,2017,400,0.71,0.0,0.0,0.0,0.0,0.0,0.0
West Bengal,2018,400,0.71,0.0,0.0,0.0,0.0,0.0,0.0
West Bengal,2019,400,0.71,0.0,0.0,0.0,0.0,0.0,0.0
West Bengal,2020,400,0.71,0.4570000972857282,0.0,0.4570000972857282,0.061853635282017635,0.6236465106465747,0.061853635282017635
West Bengal,2021,400,0.71,1.359878319649896,0.1360991502228596,1.4959774698727557,0.18663894196139003,1.99470248485083,0.18663894196139003
West Bengal,2022,400,0.71,3.136794117472256,0.0712528945961119,3.208047012068368,0.43463083769755817,4.3446533132718255,0.43463083769755817
West Bengal,2023,400,0.71,4.428403458511092,2.5947089717525027,7.023112430263595,0.7491701035486947,8.591566962872692,0.7491701035486947
West Bengal,2024,400,0.71,5.9941078988423016,0.7701840173795703,6.764291916221872,0.9608963799670048,8.83114836974903,0.9608963799670048
Andaman and Nicobar Islands,2014,400,0.7383,0.0,0.0,0.0,0.0,0.0,0.0
Andaman and Nicobar Islands,2015,400,0.7383,0.0,0.0,0.0,0.0,0.0,0.0
Andaman and Nicobar Islands,2016,400,0.7383,0.0,0.0,0.0,0.0,0.0,0.0
Andaman and Nicobar Islands,2017,400,0.7383,0.0,0.0,0.0,0.0,0.0,0.0
Andaman and Nicobar Islands,2018,400,0.7383,0.0,0.0,0.0,0.0,0.0,0.0
Andaman and Nicobar Islands,2019,400,0.7383,0.0,0.0,0.0,0.0,0.0,0.0
Andaman and Nicobar Islands,2020,400,0.7383,0.0,0.0,0.0,0.0,0.0,0.0
Andaman and Nicobar Islands,2021,400,0.7383,0.0,0.0,0.0,0.0,0.0,0.0
Andaman and Nicobar Islands,2022,400,0.7383,0.0,0.0,0.0,0.0,0.0,0.0
Andaman and Nicobar Islands,2023,400,0.7383,0.0,0.0,0.0,0.0,0.0,0.0
Andaman and Nicobar Islands,2024,400,0.7383,0.0,0.0,0.0,0.0,0.0,0.0
Andhra Pradesh,2014,400,0.7383,0.0,0.0,0.0,0.0,0.0,0.0
Andhra Pradesh,2015,400,0.7383,0.0,0.0,0.0,0.0,0.0,0.0
Andhra Pradesh,2016,400,0.7383,0.0,0.0,0.0,0.0,0.0,0.0
Andhra Pradesh,2017,400,0.7383,0.0,0.0,0.0,0.0,0.0,0.0
Andhra Pradesh,2018,400,0.7383,0.0,0.0,0.0,0.0,0.0,0.0
Andhra Pradesh,2019,400,0.7383,0.0,0.0,0.0,0.0,0.0,0.0
Andhra Pradesh,2020,400,0.7383,0.0,0.0,0.0,0.0,0.0,0.0
Andhra Pradesh,2021,400,0.7383,0.0,0.0,0.0,0.0,0.0,0.0
Andhra Pradesh,2022,400,0.7383,0.0,0.0,0.0,0.0,0.0,0.0
Andhra Pradesh,2023,400,0.7383,0.0,0.0,0.0,0.0,0.0,0.0
Andhra Pradesh,2024,400,0.7383,0.0,0.0,0.0,0.0,0.0,0.0
Arunachal Pradesh,2014,400,0.7383,0.0,0.0,0.0,0.0,0.0,0.0
Arunachal Pradesh,2015,400,0.7383,0.0,0.0,0.0,0.0,0.0,0.0
Arunachal Pradesh,2016,400,0.7383,0.0,0.0,0.0,0.0,0.0,0.0
Arunachal Pradesh,2017,400,0.7383,0.0,0.0,0.0,0.0,0.0,0.0
Arunachal Pradesh,2018,400,0.7383,0.0,0.0,0.0,0.0,0.0,0.0
Arunachal Pradesh,2019,400,0.7383,0.0,0.0,0.0,0.0,0.0,0.0
Arunachal Pradesh,2020,400,0.7383,13.18445280669326,0.0,13.18445280669326,0.0,19.776679210039887,0.0
Arunachal Pradesh,2021,400,0.7383,39.2324895218995,4.082965880683312,43.31545540258281,0.0,62.93170016353257,0.0
Arunachal Pradesh,2022,400,0.7383,90.49651028907458,2.137582321854829,92.6340926109294,0.0,137.8823477554667,0.0
Arunachal Pradesh,2023,400,0.7383,127.75943977804496,77.84110469918954,205.6005444772345,0.0,269.48026436625696,0.0
Arunachal Pradesh,2024,400,0.7383,172.93001288160042,23.10547170690714,196.0354845885076,0.0,282.5004910293078,0.0
Assam,2014,400,0.7383,0.0,0.0,0.0,0.0,0.0,0.0
Assam,2015,400,0.7383,0.0,0.0,0.0,0.0,0.0,0.0
Assam,2016,400,0.7383,0.0,0.0,0.0,0.0,0.0,0.0
Assam,2017,400,0.7383,0.0,0.0,0.0,0.0,0.0,0.0
Assam,2018,400,0.7383,0.0,0.0,0.0,0.0,0.0,0.0
Assam,2019,400,0.7383,0.0,0.0,0.0,0.0,0.0,0.0
Assam,2020,400,0.7383,0.0,0.0,0.0,0.0,0.0,0.0
Assam,2021,400,0.7383,0.0,0.0,0.0,0.0,0.0,0.0
Assam,2022,400,0.7383,0.0,0.0,0.0,0.0,0.0,0.0
Assam,2023,400,0.7383,0.0,0.0,0.0,0.0,0.0,0.0
Assam,2024,400,0.7383,0.0,0.0,0.0,0.0,0.0,0.0
Bihar,2014,400,0.7383,0.0,0.0,0.0,0.0,0.0,0.0
Bihar,2015,400,0.7383,0.0,0.0,0.0,0.0,0.0,0.0
Bihar,2016,400,0.7383,0.0,0.0,0.0,0.0,0.0,0.0
Bihar,2017,400,0.7383,0.0,0.0,0.0,0.0,0.0,0.0
Bihar,2018,400,0.7383,0.0,0.0,0.0,0.0,0.0,0.0
Bihar,2019,400,0.7383,0.0,0.0,0.0,0.0,0.0,0.0
Bihar,2020,400,0.7383,0.0,0.0,0.0,0.0,0.0,0.0
Bihar,2021,400,0.7383,0.0,0.0,0.0,0.0,0.0,0.0
Bihar,2022,400,0.7383,0.0,0.0,0.0,0.0,0.0,0.0
Bihar,2023,400,0.7383,0.0,0.0,0.0,0.0,0.0,0.0
Bihar,2024,400,0.7383,0.0,0.0,0.0,0.0,0.0,0.0
Chandigarh,2014,400,0.7383,0.0,0.0,0.0,0.0,0.0,0.0
Chandigarh,2015,400,0.7383,0.0,0.0,0.0,0.0,0.0,0.0
Chandigarh,2016,400,0.7383,0.0,0.0,0.0,0.0,0.0,0.0
Chandigarh,2017,400,0.7383,0.0,0.0,0.0,0.0,0.0,0.0
Chandigarh,2018,400,0.7383,0.0,0.0,0.0,0.0,0.0,0.0
Chandigarh,2019,400,0.7383,0.0,0.0,0.0,0.0,0.0,0.0
Chandigarh,2020,400,0.7383,0.0,0.0,0.0,0.0,0.0,0.0
Chandigarh,2021,400,0.7383,0.0,0.0,0.0,0.0,0.0,0.0
Chandigarh,2022,400,0.7383,0.0,0.0,0.0,0.0,0.0,0.0
Chandigarh,2023,400,0.7383,0.0,0.0,0.0,0.0,0.0,0.0
Chandigarh,2024,400,0.7383,0.0,0.0,0.0,0.0,0.0,0.0
Chhattisgarh,2014,400,0.7383,0.0,0.0,0.0,0.0,0.0,0.0
Chhattisgarh,2015,400,0.7383,0.0,0.0,0.0,0.0,0.0,0.0
Chhattisgarh,2016,400,0.7383,0.0,0.0,0.0,0.0,0.0,0.0
Chhattisgarh,2017,400,0.7383,0.0,0.0,0.0,0.0,0.0,0.0
Chhattisgarh,2018,400,0.7383,0.0,0.0,0.0,0.0,0.0,0.0
Chhattisgarh,2019,400,0.7383,0.0,0.0,0.0,0.0,0.0,0.0
Chhattisgarh,2020,400,0.7383,0.0,0.0,0.0,0.0,0.0,0.0
Chhattisgarh,2021,400,0.7383,0.0,0.0,0.0,0.0,0.0,0.0
Chhattisgarh,2022,400,0.7383,0.0,0.0,0.0,0.0,0.0,0.0
Chhattisgarh,2023,400,0.7383,0.0,0.0,0.0,0.0,0.0,0.0
Chhattisgarh,2024,400,0.7383,0.0,0.0,0.0,0.0,0.0,0.0
Dadra and Nagar Haveli and Daman and Diu,2014,400,0.7383,0.0,0.0,0.0,0.0,0.0,0.0
Dadra and Nagar Haveli and Daman and Diu,2015,400,0.7383,0.0,0.0,0.0,0.0,0.0,0.0
Dadra and Nagar Haveli and Daman and Diu,2016,400,0.7383,0.0,0.0,0.0,0.0,0.0,0.0
Dadra and Nagar Haveli and Daman and Diu,2017,400,0.7383,0.0,0.0,0.0,0.0,0.0,0.0
Dadra and Nagar Haveli and Daman and Diu,2018,400,0.7383,0.0,0.0,0.0,0.0,0.0,0.0
Dadra and Nagar Haveli and Daman and Diu,2019,400,0.7383,0.0,0.0,0.0,0.0,0.0,0.0
Dadra and Nagar Haveli and Daman and Diu,2020,400,0.7383,0.0,0.0,0.0,0.0,0.0,0.0
Dadra and Nagar Haveli and Daman and Diu,2021,400,0.7383,0.0,0.0,0.0,0.0,0.0,0.0
Dadra and Nagar Haveli and Daman and Diu,2022,400,0.7383,0.0,0.0,0.0,0.0,0.0,0.0
Dadra and Nagar Haveli and Daman and Diu,2023,400,0.7383,0.0,0.0,0.0,0.0,0.0,0.0
Dadra and Nagar Haveli and Daman and Diu,2024,400,0.7383,0.0,0.0,0.0,0.0,0.0,0.0
Delhi,2014,400,0.7383,0.0,0.0,0.0,0.0,0.0,0.0
Delhi,2015,400,0.7383,0.0,0.0,0.0,0.0,0.0,0.0
Delhi,2016,400,0.7383,0.0,0.0,0.0,0.0,0.0,0.0
Delhi,2017,400,0.7383,0.0,0.0,0.0,0.0,0.0,0.0
Delhi,2018,400,0.7383,0.0,0.0,0.0,0.0,0.0,0.0
Delhi,2019,400,0.7383,0.0,0.0,0.0,0.0,0.0,0.0
Delhi,2020,400,0.7383,0.0,0.0,0.0,0.0,0.0,0.0
Delhi,2021,400,0.7383,0.0,0.0,0.0,0.0,0.0,0.0
Delhi,2022,400,0.7383,0.0,0.0,0.0,0.0,0.0,0.0
Delhi,2023,400,0.7383,0.0,0.0,0.0,0.0,0.0,0.0
Delhi,2024,400,0.7383,0.0,0.0,0.0,0.0,0.0,0.0
Goa,2014,400,0.7383,0.0,0.0,0.0,0.0,0.0,0.0
Goa,2015,400,0.7383,0.0,0.0,0.0,0.0,0.0,0.0
Goa,2016,400,0.7383,0.0,0.0,0.0,0.0,0.0,0.0
Goa,2017,400,0.7383,0.0,0.0,0.0,0.0,0.0,0.0
Goa,2018,400,0.7383,0.0,0.0,0.0,0.0,0.0,0.0
Goa,2019,400,0.7383,0.0,0.0,0.0,0.0,0.0,0.0
Goa,2020,400,0.7383,18.28000389142913,0.0,18.28000389142913,0.8825127303921221,26.53749310675157,0.8825127303921221
Goa,2021,400,0.7383,54.39513278599584,5.660957893495059,60.05609067949089,1.8162074586112322,85.43744961387758,1.8162074586112322
Goa,2022,400,0.7383,125.47176469889024,2.9637189904399706,128.4354836893302,8.723751246239127,182.44761479253617,8.723751246239127
Goa,2023,400,0.7383,177.1361383404436,107.92527514619,285.0614134866336,14.291243126833832,359.33823953002155,14.291243126833832
Goa,2024,400,0.7383,239.7643159536921,32.03531605810348,271.79963201179555,19.297949651583675,372.3838403370579,19.297949651583675
Gujarat,2014,400,0.7383,0.0,0.0,0.0,0.0,0.0,0.0
Gujarat,2015,400,0.7383,0.0,0.0,0.0,0.0,0.0,0.0
Gujarat,2016,400,0.7383,0.0,0.0,0.0,0.0,0.0,0.0
Gujarat,2017,400,0.7383,0.0,0.0,0.0,0.0,0.0,0.0
Gujarat,2018,400,0.7383,0.0,0.0,0.0,0.0,0.0,0.0
Gujarat,2019,400,0.7383,0.0,0.0,0.0,0.0,0.0,0.0
Gujarat,2020,400,0.7383,4468.112801167429,0.0,4468.112801167429,772.2011590221562,5929.968042728988,772.2011590221562
Gujarat,2021,400,0.7383,13295.598325133014,1383.6867093148967,14679.285034447912,2424.9431706729392,18902.14102634148,2424.9431706729392
Gujarat,2022,400,0.7383,30668.59292623212,724.4107188870278,31393.003645119148,5772.887837646017,40954.41227058918,5772.887837646017
Gujarat,2023,400,0.7383,43296.722034035854,26379.77028420143,69676.49231823729,8447.64850764007,82877.20482761513,8447.64850764007
Gujarat,2024,400,0.7383,58604.69263237612,7830.272171647016,66434.96480402314,11161.262746103757,84576.04837410744,11161.262746103757
Haryana,2014,400,0.7383,0.0,0.0,0.0,0.0,0.0,0.0
Haryana,2015,400,0.7383,0.0,0.0,0.0,0.0,0.0,0.0
Haryana,2016,400,0.7383,0.0,0.0,0.0,0.0,0.0,0.0
Haryana,2017,400,0.7383,0.0,0.0,0.0,0.0,0.0,0.0
Haryana,2018,400,0.7383,0.0,0.0,0.0,0.0,0.0,0.0
Haryana,2019,400,0.7383,0.0,0.0,0.0,0.0,0.0,0.0
Haryana,2020,400,0.7383,3589.11881404806,0.0,3589.11881404806,1953.5490587112172,3430.1291623608713,1953.5490587112172
Haryana,2021,400,0.7383,10680.008365118409,1111.4795490061867,11791.487914124593,5896.5803346233215,11234.911762060474,5896.5803346233215
Haryana,2022,400,0.7383,24635.28312068599,581.9002912317219,25217.18341191771,12258.02088718499,25276.804085075717,12258.02088718499
Haryana,2023,400,0.7383,34779.130821935614,21190.18342879688,55969.314250732496,17823.167227052374,55535.71243464794,17823.167227052374
Haryana,2024,400,0.7383,47075.62549974285,6289.853998993111,53365.47949873596,22485.822977462394,54417.469271145004,22485.822977462394
Himachal Pradesh,2014,400,0.7383,0.0,0.0,0.0,0.0,0.0,0.0
Himachal Pradesh,2015,400,0.7383,0.0,0.0,0.0,0.0,0.0,0.0
Himachal Pradesh,2016,400,0.7383,0.0,0.0,0.0,0.0,0.0,0.0
Himachal Pradesh,2017,400,0.7383,0.0,0.0,0.0,0.0,0.0,0.0
Himachal Pradesh,2018,400,0.7383,0.0,0.0,0.0,0.0,0.0,0.0
Himachal Pradesh,2019,400,0.7383,0.0,0.0,0.0,0.0,0.0,0.0
Himachal Pradesh,2020,400,0.7383,21.91315466485067,0.0,21.91315466485067,3.1288758277775433,29.740856169498457,3.1288758277775433
Himachal Pradesh,2021,400,0.7383,65.2061654272125,6.786073274827201,71.9922387020397,8.95986245834247,95.63545895730348,8.95986245834247
Himachal Pradesh,2022,400,0.7383,150.40927793279468,3.552758139789915,153.9620360725846,20.074382592745348,209.09229244623657,20.074382592745348
Himachal Pradesh,2023,400,0.7383,212.3419458356068,129.37542358149528,341.7173694171021,28.01826804189553,419.8700742930099,28.01826804189553
Himachal Pradesh,2024,400,0.7383,287.41747374948835,38.40233512465154,325.8198088741399,35.82599914006017,433.7025466088239,35.82599914006017
Jammu and Kashmir,2014,400,0.7383,0.0,0.0,0.0,0.0,0.0,0.0
Jammu and Kashmir,2015,400,0.7383,0.0,0.0,0.0,0.0,0.0,0.0
Jammu and Kashmir,2016,400,0.7383,0.0,0.0,0.0,0.0,0.0,0.0
Jammu and Kashmir,2017,400,0.7383,0.0,0.0,0.0,0.0,0.0,0.0
Jammu and Kashmir,2018,400,0.7383,0.0,0.0,0.0,0.0,0.0,0.0
Jammu and Kashmir,2019,400,0.7383,0.0,0.0,0.0,0.0,0.0,0.0
Jammu and Kashmir,2020,400,0.7383,66.03651405778773,0.0,66.03651405778773,5.192090275455328,93.86268081122627,5.192090275455328
Jammu and Kashmir,2021,400,0.7383,196.50241718941,20.450210390250906,216.95262757966088,15.47526175060523,299.7285744237606,15.47526175060523
Jammu and Kashmir,2022,400,0.7383,453.26674997474095,10.706434852964394,463.9731848277053,39.30233315644199,651.304226658634,39.30233315644199
Jammu and Kashmir,2023,400,0.7383,639.9042997548526,389.8800564656114,1029.784356220464,58.464024438728615,1291.2724816591615,58.464024438728615
Jammu and Kashmir,2024,400,0.7383,866.1485913827127,115.72757925989885,981.8761706426114,67.79678850424223,1347.153677829726,67.79678850424223
Jharkhand,2014,400,0.7383,0.0,0.0,0.0,0.0,0.0,0.0
Jharkhand,2015,400,0.7383,0.0,0.0,0.0,0.0,0.0,0.0
Jharkhand,2016,400,0.7383,0.0,0.0,0.0,0.0,0.0,0.0
Jharkhand,2017,400,0.7383,0.0,0.0,0.0,0.0,0.0,0.0
Jharkhand,2018,400,0.7383,0.0,0.0,0.0,0.0,0.0,0.0
Jharkhand,2019,400,0.7383,0.0,0.0,0.0,0.0,0.0,0.0
Jharkhand,2020,400,0.7383,810.2383224827319,0.0,810.2383224827319,104.61743873918913,1110.7400449849085,104.61743873918913
Jharkhand,2021,400,0.7383,2410.996266823284,250.9148824318017,2661.911149255085,364.0565242151436,3503.352758451583,364.0565242151436
Jharkhand,2022,400,0.7383,5561.379130572436,131.36313960251366,5692.74227017495,634.6386468671627,7838.793188594005,634.6386468671627
Jharkhand,2023,400,0.7383,7851.337911767237,4783.65291426094,12634.990826028175,930.1541356621138,15630.505646249681,930.1541356621138
Jharkhand,2024,400,0.7383,10627.25359925246,1419.9253401303645,12047.178939382824,1173.4563987418016,16187.349340267252,1173.4563987418016
Karnataka,2014,400,0.7383,0.0,0.0,0.0,0.0,0.0,0.0
Karnataka,2015,400,0.7383,0.0,0.0,0.0,0.0,0.0,0.0
Karnataka,2016,400,0.7383,0.0,0.0,0.0,0.0,0.0,0.0
Karnataka,2017,400,0.7383,0.0,0.0,0.0,0.0,0.0,0.0
Karnataka,2018,400,0.7383,0.0,0.0,0.0,0.0,0.0,0.0
Karnataka,2019,400,0.7383,0.0,0.0,0.0,0.0,0.0,0.0
Karnataka,2020,400,0.7383,542.9389655803094,0.0,542.9389655803094,131.59207820651207,682.8163701639521,131.59207820651207
Karnataka,2021,400,0.7383,1615.603437660059,168.13752563417015,1783.740963294229,396.31065042226965,2195.232031701989,396.31065042226965
Karnataka,2022,400,0.7383,3726.6682512629136,88.02615866480518,3814.694409927719,979.0295991628499,4698.998936396326,979.0295991628499
Karnataka,2023,400,0.7383,5261.164728884101,3205.5155784357767,8466.680307319879,1316.1083495019693,9781.154322259958,1316.1083495019693
Karnataka,2024,400,0.7383,7121.299889219597,951.4889310707462,8072.788820290343,1712.2643239623742,9921.17444093777,1712.2643239623742
Kerala,2014,400,0.7383,0.0,0.0,0.0,0.0,0.0,0.0
Kerala,2015,400,0.7383,0.0,0.0,0.0,0.0,0.0,0.0
Kerala,2016,400,0.7383,0.0,0.0,0.0,0.0,0.0,0.0
Kerala,2017,400,0.7383,0.0,0.0,0.0,0.0,0.0,0.0
Kerala,2018,400,0.7383,0.0,0.0,0.0,0.0,0.0,0.0
Kerala,2019,400,0.7383,0.0,0.0,0.0,0.0,0.0,0.0
Kerala,2020,400,0.7383,300.95741406751625,0.0,300.95741406751625,52.641880731349545,398.794240369925,52.641880731349545
Kerala,2021,400,0.7383,895.5478674054389,93.20059551902928,988.7484629244682,164.1903897376074,1272.3320068895805,164.1903897376074
Kerala,2022,400,0.7383,2065.735766061354,48.793928528856064,2114.52969459021,388.4212954182479,2758.976282202639,388.4212954182479
Kerala,2023,400,0.7383,2916.3250976024783,1776.854748688086,4693.1798462905645,600.6050827002501,5550.737312391554,600.6050827002501
Kerala,2024,400,0.7383,3947.419756782597,527.4214347516012,4474.841191534199,745.8227737682804,5702.728296157217,745.8227737682804
Ladakh,2014,400,0.7383,0.0,0.0,0.0,0.0,0.0,0.0
Ladakh,2015,400,0.7383,0.0,0.0,0.0,0.0,0.0,0.0
Ladakh,2016,400,0.7383,0.0,0.0,0.0,0.0,0.0,0.0
Ladakh,2017,400,0.7383,0.0,0.0,0.0,0.0,0.0,0.0
Ladakh,2018,400,0.7383,0.0,0.0,0.0,0.0,0.0,0.0
Ladakh,2019,400,0.7383,0.0,0.0,0.0,0.0,0.0,0.0
Ladakh,2020,400,0.7383,0.0,0.0,0.0,0.0,0.0,0.0
Ladakh,2021,400,0.7383,0.0,0.0,0.0,0.0,0.0,0.0
Ladakh,2022,400,0.7383,0.0,0.0,0.0,0.0,0.0,0.0
Ladakh,2023,400,0.7383,0.0,0.0,0.0,0.0,0.0,0.0
Ladakh,2024,400,0.7383,0.0,0.0,0.0,0.0,0.0,0.0
Lakshadweep,2014,400,0.7383,0.0,0.0,0.0,0.0,0.0,0.0
Lakshadweep,2015,400,0.7383,0.0,0.0,0.0,0.0,0.0,0.0
Lakshadweep,2016,400,0.7383,0.0,0.0,0.0,0.0,0.0,0.0
Lakshadweep,2017,400,0.7383,0.0,0.0,0.0,0.0,0.0,0.0
Lakshadweep,2018,400,0.7383,0.0,0.0,0.0,0.0,0.0,0.0
Lakshadweep,2019,400,0.7383,0.0,0.0,0.0,0.0,0.0,0.0
Lakshadweep,2020,400,0.7383,0.0,0.0,0.0,0.0,0.0,0.0
Lakshadweep,2021,400,0.7383,0.0,0.0,0.0,0.0,0.0,0.0
Lakshadweep,2022,400,0.7383,0.0,0.0,0.0,0.0,0.0,0.0
Lakshadweep,2023,400,0.7383,0.0,0.0,0.0,0.0,0.0,0.0
Lakshadweep,2024,400,0.7383,0.0,0.0,0.0,0.0,0.0,0.0
Madhya Pradesh,2014,400,0.7383,0.0,0.0,0.0,0.0,0.0,0.0
Madhya Pradesh,2015,400,0.7383,0.0,0.0,0.0,0.0,0.0,0.0
Madhya Pradesh,2016,400,0.7383,0.0,0.0,0.0,0.0,0.0,0.0
Madhya Pradesh,2017,400,0.7383,0.0,0.0,0.0,0.0,0.0,0.0
Madhya Pradesh,2018,400,0.7383,0.0,0.0,0.0,0.0,0.0,0.0
Madhya Pradesh,2019,400,0.7383,0.0,0.0,0.0,0.0,0.0,0.0
Madhya Pradesh,2020,400,0.7383,540.1969649965949,0.0,540.1969649965949,113.0621414389644,697.233306055928,113.0621414389644
Madhya Pradesh,2021,400,0.7383,1607.4441677421592,167.28838195014583,1774.732549692305,341.82239054760976,2236.6322430157747,341.82239054760976
Madhya Pradesh,2022,400,0.7383,3707.84748655808,87.58160081623917,3795.42908737432,797.0912769354502,4852.261553717909,797.0912769354502
Madhya Pradesh,2023,400,0.7383,5234.594308133034,3189.326787163848,8423.921095296882,1161.0454274237757,9880.172821939625,1161.0454274237757
Madhya Pradesh,2024,400,0.7383,7085.335241826543,946.6836336620306,8032.018875488574,1453.6999748169158,10120.986521584928,1453.6999748169158
Maharashtra,2014,400,0.7383,0.0,0.0,0.0,0.0,0.0,0.0
Maharashtra,2015,400,0.7383,0.0,0.0,0.0,0.0,0.0,0.0
Maharashtra,2016,400,0.7383,0.0,0.0,0.0,0.0,0.0,0.0
Maharashtra,2017,400,0.7383,0.0,0.0,0.0,0.0,0.0,0.0
Maharashtra,2018,400,0.7383,0.0,0.0,0.0,0.0,0.0,0.0
Maharashtra,2019,400,0.7383,0.0,0.0,0.0,0.0,0.0,0.0
Maharashtra,2020,400,0.7383,16612.387686428643,0.0,16612.387686428643,1596.1617456789713,23322.41978396399,1596.1617456789713
Maharashtra,2021,400,0.7383,49432.86880367739,5144.529933463606,54577.398737141,4800.825971453702,74493.007167526,4800.825971453702
Maharashtra,2022,400,0.7383,114025.4461245281,2693.3500208883465,116718.79614541645,10652.538129646446,163078.98107803406,10652.538129646446
Maharashtra,2023,400,0.7383,160976.67270016373,98079.65701438492,259056.32971454863,32714.903169743215,306829.76289488724,32714.903169743215
Maharashtra,2024,400,0.7383,217891.5165254216,29112.854306557925,247004.3708319796,40563.53291684268,315386.5961778476,40563.53291684268
Manipur,2014,400,0.7383,0.0,0.0,0.0,0.0,0.0,0.0
Manipur,2015,400,0.7383,0.0,0.0,0.0,0.0,0.0,0.0
Manipur,2016,400,0.7383,0.0,0.0,0.0,0.0,0.0,0.0
Manipur,2017,400,0.7383,0.0,0.0,0.0,0.0,0.0,0.0
Manipur,2018,400,0.7383,0.0,0.0,0.0,0.0,0.0,0.0
Manipur,2019,400,0.7383,0.0,0.0,0.0,0.0,0.0,0.0
Manipur,2020,400,0.7383,1.78230037941434,0.0,1.78230037941434,0.09830003586258518,2.575150533258925,0.09830003586258518
Manipur,2021,400,0.7383,5.303525446634594,0.5519433946157682,5.855468841250362,0.2666073835421032,8.240624181025556,0.2666073835421032
Manipur,2022,400,0.7383,12.2334970581418,0.2889626015678971,12.522459659709696,0.5483638402227089,18.09084434855789,0.5483638402227089
Manipur,2023,400,0.7383,17.270773488193257,10.522714326753526,27.793487814946783,0.8150422349475307,35.613832324095874,0.8150422349475307
Manipur,2024,400,0.7383,23.37702080548498,3.12344331566509,26.50046412115007,1.0265986965459453,37.162375827346615,1.0265986965459453
Meghalaya,2014,400,0.7383,0.0,0.0,0.0,0.0,0.0,0.0
Meghalaya,2015,400,0.7383,0.0,0.0,0.0,0.0,0.0,0.0
Meghalaya,2016,400,0.7383,0.0,0.0,0.0,0.0,0.0,0.0
Meghalaya,2017,400,0.7383,0.0,0.0,0.0,0.0,0.0,0.0
Meghalaya,2018,400,0.7383,0.0,0.0,0.0,0.0,0.0,0.0
Meghalaya,2019,400,0.7383,0.0,0.0,0.0,0.0,0.0,0.0
Meghalaya,2020,400,0.7383,2.2393004767000684,0.0,2.2393004767000684,0.1029976890071145,3.2559530260429876,0.1029976890071145
Meghalaya,2021,400,0.7383,6.663403766284492,0.6934673419531447,7.356871108237637,0.2991559772648613,10.389417014115018,0.2991559772648613
Meghalaya,2022,400,0.7383,15.370291175614057,0.3630555763288964,15.733346751942952,0.6889699531003265,22.729522386649645,0.6889699531003265
Meghalaya,2023,400,0.7383,21.699176946704345,13.22084620540828,34.92002315211262,1.024027423395616,44.74558420206918,1.024027423395616
Meghalaya,2024,400,0.7383,29.37112870432728,3.924326217117677,33.29545492144496,1.2898291315577266,46.69119014205088,1.2898291315577266
Mizoram,2014,400,0.7383,0.0,0.0,0.0,0.0,0.0,0.0
Mizoram,2015,400,0.7383,0.0,0.0,0.0,0.0,0.0,0.0
Mizoram,2016,400,0.7383,0.0,0.0,0.0,0.0,0.0,0.0
Mizoram,2017,400,0.7383,0.0,0.0,0.0,0.0,0.0,0.0
Mizoram,2018,400,0.7383,0.0,0.0,0.0,0.0,0.0,0.0
Mizoram,2019,400,0.7383,0.0,0.0,0.0,0.0,0.0,0.0
Mizoram,2020,400,0.7383,0.9140001945714564,0.0,0.9140001945714564,0.055524360650735585,1.315475931206449,0.055524360650735585
Mizoram,2021,400,0.7383,2.719756639299792,0.2830478946747529,3.002804533974545,0.16759438502233126,4.195088468602108,0.16759438502233126
Mizoram,2022,400,0.7383,6.273588234944512,0.1481859495219985,6.421774184466511,0.37494963434031375,9.183618667598454,0.37494963434031375
Mizoram,2023,400,0.7383,8.856806917022183,5.396263757309501,14.253070674331685,0.41797037689616967,18.263503755946605,0.41797037689616967
Mizoram,2024,400,0.7383,11.988215797684605,1.601765802905174,13.589981600589775,0.5264608700235617,19.057628629408512,0.5264608700235617
Nagaland,2014,400,0.7383,0.0,0.0,0.0,0.0,0.0,0.0
Nagaland,2015,400,0.7383,0.0,0.0,0.0,0.0,0.0,0.0
Nagaland,2016,400,0.7383,0.0,0.0,0.0,0.0,0.0,0.0
Nagaland,2017,400,0.7383,0.0,0.0,0.0,0.0,0.0,0.0
Nagaland,2018,400,0.7383,0.0,0.0,0.0,0.0,0.0,0.0
Nagaland,2019,400,0.7383,0.0,0.0,0.0,0.0,0.0,0.0
Nagaland,2020,400,0.7383,1.4852503161786166,0.0,1.4852503161786166,0.06996422351064617,2.157911250757279,0.06996422351064617
Nagaland,2021,400,0.7383,4.4196045388621625,0.4599528288464736,4.879557367708636,0.08481802695383343,7.004541610185884,0.08481802695383343
Nagaland,2022,400,0.7383,10.194580881784834,0.2408021679732476,10.435383049758082,0.4569698668522575,15.075703623798237,0.4569698668522575
Nagaland,2023,400,0.7383,14.392311240161042,8.768928605627938,23.16123984578898,0.6792018624562757,29.67819360341323,0.6792018624562757
Nagaland,2024,400,0.7383,19.480850671237484,2.6028694297209083,22.08372010095839,0.8554989137882878,30.968646522788845,0.8554989137882878
Odisha,2014,400,0.7383,0.0,0.0,0.0,0.0,0.0,0.0
Odisha,2015,400,0.7383,0.0,0.0,0.0,0.0,0.0,0.0
Odisha,2016,400,0.7383,0.0,0.0,0.0,0.0,0.0,0.0
Odisha,2017,400,0.7383,0.0,0.0,0.0,0.0,0.0,0.0
Odisha,2018,400,0.7383,0.0,0.0,0.0,0.0,0.0,0.0
Odisha,2019,400,0.7383,0.0,0.0,0.0,0.0,0.0,0.0
Odisha,2020,400,0.7383,130.61062780426113,0.0,130.61062780426113,18.96298872800953,176.95295297838217,18.96298872800953
Odisha,2021,400,0.7383,388.6532237559402,40.4475441490222,429.1007679049624,59.05029659129446,564.3770831916381,59.05029659129446
Odisha,2022,400,0.7383,896.4957587735709,21.175772186693592,917.6715309602644,144.41928864247424,1221.5001217045758,144.41928864247424
Odisha,2023,400,0.7383,1265.6377084424694,771.1260909195277,2036.763799361997,221.375736364206,2448.206917219026,221.375736364206
Odisha,2024,400,0.7383,1713.11603748913,228.8923332351494,1942.0083707242795,290.2722871264542,2508.294102342391,290.2722871264542
Puducherry,2014,400,0.7383,0.0,0.0,0.0,0.0,0.0,0.0
Puducherry,2015,400,0.7383,0.0,0.0,0.0,0.0,0.0,0.0
Puducherry,2016,400,0.7383,0.0,0.0,0.0,0.0,0.0,0.0
Puducherry,2017,400,0.7383,0.0,0.0,0.0,0.0,0.0,0.0
Puducherry,2018,400,0.7383,0.0,0.0,0.0,0.0,0.0,0.0
Puducherry,2019,400,0.7383,0.0,0.0,0.0,0.0,0.0,0.0
Puducherry,2020,400,0.7383,0.0,0.0,0.0,0.0,0.0,0.0
Puducherry,2021,400,0.7383,0.0,0.0,0.0,0.0,0.0,0.0
Puducherry,2022,400,0.7383,0.0,0.0,0.0,0.0,0.0,0.0
Puducherry,2023,400,0.7383,0.0,0.0,0.0,0.0,0.0,0.0
Puducherry,2024,400,0.7383,0.0,0.0,0.0,0.0,0.0,0.0
Punjab,2014,400,0.7383,0.0,0.0,0.0,0.0,0.0,0.0
Punjab,2015,400,0.7383,0.0,0.0,0.0,0.0,0.0,0.0
Punjab,2016,400,0.7383,0.0,0.0,0.0,0.0,0.0,0.0
Punjab,2017,400,0.7383,0.0,0.0,0.0,0.0,0.0,0.0
Punjab,2018,400,0.7383,0.0,0.0,0.0,0.0,0.0,0.0
Punjab,2019,400,0.7383,0.0,0.0,0.0,0.0,0.0,0.0
Punjab,2020,400,0.7383,343.3213230859034,0.0,343.3213230859034,206.60319456230863,308.37879006654634,206.60319456230863
Punjab,2021,400,0.7383,1021.6085876369845,106.31986543720409,1127.9284530741884,621.6449587203809,1017.0877881722996,621.6449587203809
Punjab,2022,400,0.7383,2356.516580751032,55.66234728920069,2412.1789280402327,1393.4694704414226,2196.967747974327,1393.4694704414226
Punjab,2023,400,0.7383,3326.8380982064564,2026.971573839381,5353.809672045838,2056.827209061528,4960.401512087537,2056.827209061528
Punjab,2024,400,0.7383,4503.07355900528,601.6632797162562,5104.7368387215365,2481.7067962519136,4874.566821972263,2481.7067962519136
Rajasthan,2014,400,0.7383,0.0,0.0,0.0,0.0,0.0,0.0
Rajasthan,2015,400,0.7383,0.0,0.0,0.0,0.0,0.0,0.0
Rajasthan,2016,400,0.7383,0.0,0.0,0.0,0.0,0.0,0.0
Rajasthan,2017,400,0.7383,0.0,0.0,0.0,0.0,0.0,0.0
Rajasthan,2018,400,0.7383,0.0,0.0,0.0,0.0,0.0,0.0
Rajasthan,2019,400,0.7383,0.0,0.0,0.0,0.0,0.0,0.0
Rajasthan,2020,400,0.7383,3562.5214083860296,0.0,3562.5214083860296,1793.5043034496218,3550.277809129423,1793.5043034496218
Rajasthan,2021,400,0.7383,10600.86344691478,1103.2428552711517,11704.106302185932,5503.5422638465825,11500.995761796741,5503.5422638465825
Rajasthan,2022,400,0.7383,24452.721703049097,577.5880801006317,25030.30978314973,13181.6656414279,24075.00499324638,13181.6656414279
Rajasthan,2023,400,0.7383,34521.397740650274,21033.15215345917,55554.54989410945,19389.296302462375,53425.95246197222,19389.296302462375
Rajasthan,2024,400,0.7383,46726.76842003023,6243.2426141285705,52970.01103415879,24601.01393877139,51732.38130540252,24601.01393877139
Sikkim,2014,400,0.7383,0.0,0.0,0.0,0.0,0.0,0.0
Sikkim,2015,400,0.7383,0.0,0.0,0.0,0.0,0.0,0.0
Sikkim,2016,400,0.7383,0.0,0.0,0.0,0.0,0.0,0.0
Sikkim,2017,400,0.7383,0.0,0.0,0.0,0.0,0.0,0.0
Sikkim,2018,400,0.7383,0.0,0.0,0.0,0.0,0.0,0.0
Sikkim,2019,400,0.7383,0.0,0.0,0.0,0.0,0.0,0.0
Sikkim,2020,400,0.7383,0.0,0.0,0.0,0.0,0.0,0.0
Sikkim,2021,400,0.7383,0.0,0.0,0.0,0.0,0.0,0.0
Sikkim,2022,400,0.7383,0.0,0.0,0.0,0.0,0.0,0.0
Sikkim,2023,400,0.7383,0.0,0.0,0.0,0.0,0.0,0.0
Sikkim,2024,400,0.7383,0.0,0.0,0.0,0.0,0.0,0.0
Tamil Nadu,2014,400,0.7383,0.0,0.0,0.0,0.0,0.0,0.0
Tamil Nadu,2015,400,0.7383,0.0,0.0,0.0,0.0,0.0,0.0
Tamil Nadu,2016,400,0.7383,0.0,0.0,0.0,0.0,0.0,0.0
Tamil Nadu,2017,400,0.7383,0.0,0.0,0.0,0.0,0.0,0.0
Tamil Nadu,2018,400,0.7383,0.0,0.0,0.0,0.0,0.0,0.0
Tamil Nadu,2019,400,0.7383,0.0,0.0,0.0,0.0,0.0,0.0
Tamil Nadu,2020,400,0.7383,95.6729703667672,0.0,95.6729703667672,27.70650035909166,115.80295519105913,27.70650035909166
Tamil Nadu,2021,400,0.7383,284.69052621870577,29.62803837507977,314.31856459378554,88.65171720331998,368.0121104998185,88.65171720331998
Tamil Nadu,2022,400,0.7383,656.6878484928168,15.5113642662152,672.199212759032,180.22591503103536,820.317221974405,180.22591503103536
Tamil Nadu,2023,400,0.7383,927.0862640392968,564.853908796372,1491.9401728356688,258.6912037192592,1696.792101136058,258.6912037192592
Tamil Nadu,2024,400,0.7383,1254.8664886226363,167.66483541909912,1422.5313240417354,327.38139775737073,1722.5831705956823,327.38139775737073
Telangana,2014,400,0.7383,0.0,0.0,0.0,0.0,0.0,0.0
Telangana,2015,400,0.7383,0.0,0.0,0.0,0.0,0.0,0.0
Telangana,2016,400,0.7383,0.0,0.0,0.0,0.0,0.0,0.0
Telangana,2017,400,0.7383,0.0,0.0,0.0,0.0,0.0,0.0
Telangana,2018,400,0.7383,0.0,0.0,0.0,0.0,0.0,0.0
Telangana,2019,400,0.7383,0.0,0.0,0.0,0.0,0.0,0.0
Telangana,2020,400,0.7383,0.0,0.0,0.0,0.0,0.0,0.0
Telangana,2021,400,0.7383,0.0,0.0,0.0,0.0,0.0,0.0
Telangana,2022,400,0.7383,0.0,0.0,0.0,0.0,0.0,0.0
Telangana,2023,400,0.7383,0.0,0.0,0.0,0.0,0.0,0.0
Telangana,2024,400,0.7383,0.0,0.0,0.0,0.0,0.0,0.0
Tripura,2014,400,0.7383,0.0,0.0,0.0,0.0,0.0,0.0
Tripura,2015,400,0.7383,0.0,0.0,0.0,0.0,0.0,0.0
Tripura,2016,400,0.7383,0.0,0.0,0.0,0.0,0.0,0.0
Tripura,2017,400,0.7383,0.0,0.0,0.0,0.0,0.0,0.0
Tripura,2018,400,0.7383,0.0,0.0,0.0,0.0,0.0,0.0
Tripura,2019,400,0.7383,0.0,0.0,0.0,0.0,0.0,0.0
Tripura,2020,400,0.7383,120.09962556668938,0.0,120.09962556668938,5.471925742129993,174.67751260790405,5.471925742129993
Tripura,2021,400,0.7383,357.3760224039926,37.19249336026254,394.5685157642551,16.33291079235129,556.9236161739002,16.33291079235129
Tripura,2022,400,0.7383,824.3494940717089,19.471633767190607,843.8211278388995,36.95128646423792,1219.0445884105159,36.95128646423792
Tripura,2023,400,0.7383,1163.7844288967144,709.0690577104685,1872.853486607183,54.92130752415669,2399.824393531383,54.92130752415669
Tripura,2024,400,0.7383,1575.251555815757,210.47202650173992,1785.723582317497,69.17695832109601,2504.17240190428,69.17695832109601
Uttar Pradesh,2014,400,0.7383,0.0,0.0,0.0,0.0,0.0,0.0
Uttar Pradesh,2015,400,0.7383,0.0,0.0,0.0,0.0,0.0,0.0
Uttar Pradesh,2016,400,0.7383,0.0,0.0,0.0,0.0,0.0,0.0
Uttar Pradesh,2017,400,0.7383,0.0,0.0,0.0,0.0,0.0,0.0
Uttar Pradesh,2018,400,0.7383,0.0,0.0,0.0,0.0,0.0,0.0
Uttar Pradesh,2019,400,0.7383,0.0,0.0,0.0,0.0,0.0,0.0
Uttar Pradesh,2020,400,0.7383,1608.8231424846774,0.0,1608.8231424846774,423.6610078991361,1989.5737058278796,423.6610078991361
Uttar Pradesh,2021,400,0.7383,4787.315636495493,498.2209042065001,5285.536540701993,1243.7151364935876,6435.479222456153,1243.7151364935876
Uttar Pradesh,2022,400,0.7383,11042.77001114933,260.8369083486218,11303.606919497952,2877.5782830809712,13947.413641991645,2877.5782830809712
Uttar Pradesh,2023,400,0.7383,15589.75153534244,9498.503465616184,25088.255000958627,4164.715418121461,28718.415350508392,4164.715418121461
Uttar Pradesh,2024,400,0.7383,21101.657447084443,2819.428166273688,23921.08561335813,5222.748322369608,29249.166014530743,5222.748322369608
Uttarakhand,2014,400,0.7383,0.0,0.0,0.0,0.0,0.0,0.0
Uttarakhand,2015,400,0.7383,0.0,0.0,0.0,0.0,0.0,0.0
Uttarakhand,2016,400,0.7383,0.0,0.0,0.0,0.0,0.0,0.0
Uttarakhand,2017,400,0.7383,0.0,0.0,0.0,0.0,0.0,0.0
Uttarakhand,2018,400,0.7383,0.0,0.0,0.0,0.0,0.0,0.0
Uttarakhand,2019,400,0.7383,0.0,0.0,0.0,0.0,0.0,0.0
Uttarakhand,2020,400,0.7383,31.23595664947953,0.0,31.23595664947953,5.5345634540012805,41.319371520218006,5.5345634540012805
Uttarakhand,2021,400,0.7383,92.94768314807038,9.673161800509682,102.62084494858009,16.3423290561625,132.75235746645276,16.3423290561625
Uttarakhand,2022,400,0.7383,214.3998779292287,5.0642548249143,219.46413275414287,37.29222969073241,289.37184202802496,37.29222969073241
Uttarakhand,2023,400,0.7383,302.68137638923304,184.4173139060522,487.0986902952852,59.067765929340084,579.3716125605616,59.067765929340084
Uttarakhand,2024,400,0.7383,409.6972748858713,54.74034631428434,464.43762120015566,77.06247875822213,592.2237798848693,77.06247875822213
West Bengal,2014,400,0.7383,0.0,0.0,0.0,0.0,0.0,0.0
West Bengal,2015,400,0.7383,0.0,0.0,0.0,0.0,0.0,0.0
West Bengal,2016,400,0.7383,0.0,0.0,0.0,0.0,0.0,0.0
West Bengal,2017,400,0.7383,0.0,0.0,0.0,0.0,0.0,0.0
West Bengal,2018,400,0.7383,0.0,0.0,0.0,0.0,0.0,0.0
West Bengal,2019,400,0.7383,0.0,0.0,0.0,0.0,0.0,0.0
West Bengal,2020,400,0.7383,0.4570000972857282,0.0,0.4570000972857282,0.061853635282017635,0.6236465106465747,0.061853635282017635
West Bengal,2021,400,0.7383,1.359878319649896,0.1415239473373764,1.5014022669872724,0.18663894196139003,1.99470248485083,0.18663894196139003
West Bengal,2022,400,0.7383,3.136794117472256,0.0740929747609992,3.210887092233256,0.43463083769755817,4.3446533132718255,0.43463083769755817
West Bengal,2023,400,0.7383,4.428403458511092,2.6981318786547503,7.126535337165842,0.7491701035486947,8.591566962872692,0.7491701035486947
West Bengal,2024,400,0.7383,5.9941078988423016,0.800882901452587,6.794990800294888,0.9608963799670048,8.83114836974903,0.9608963799670048
Andaman and Nicobar Islands,2014,400,0.79,0.0,0.0,0.0,0.0,0.0,0.0
Andaman and Nicobar Islands,2015,400,0.79,0.0,0.0,0.0,0.0,0.0,0.0
Andaman and Nicobar Islands,2016,400,0.79,0.0,0.0,0.0,0.0,0.0,0.0
Andaman and Nicobar Islands,2017,400,0.79,0.0,0.0,0.0,0.0,0.0,0.0
Andaman and Nicobar Islands,2018,400,0.79,0.0,0.0,0.0,0.0,0.0,0.0
Andaman and Nicobar Islands,2019,400,0.79,0.0,0.0,0.0,0.0,0.0,0.0
Andaman and Nicobar Islands,2020,400,0.79,0.0,0.0,0.0,0.0,0.0,0.0
Andaman and Nicobar Islands,2021,400,0.79,0.0,0.0,0.0,0.0,0.0,0.0
Andaman and Nicobar Islands,2022,400,0.79,0.0,0.0,0.0,0.0,0.0,0.0
Andaman and Nicobar Islands,2023,400,0.79,0.0,0.0,0.0,0.0,0.0,0.0
Andaman and Nicobar Islands,2024,400,0.79,0.0,0.0,0.0,0.0,0.0,0.0
Andhra Pradesh,2014,400,0.79,0.0,0.0,0.0,0.0,0.0,0.0
Andhra Pradesh,2015,400,0.79,0.0,0.0,0.0,0.0,0.0,0.0
Andhra Pradesh,2016,400,0.79,0.0,0.0,0.0,0.0,0.0,0.0
Andhra Pradesh,2017,400,0.79,0.0,0.0,0.0,0.0,0.0,0.0
Andhra Pradesh,2018,400,0.79,0.0,0.0,0.0,0.0,0.0,0.0
Andhra Pradesh,2019,400,0.79,0.0,0.0,0.0,0.0,0.0,0.0
Andhra Pradesh,2020,400,0.79,0.0,0.0,0.0,0.0,0.0,0.0
Andhra Pradesh,2021,400,0.79,0.0,0.0,0.0,0.0,0.0,0.0
Andhra Pradesh,2022,400,0.79,0.0,0.0,0.0,0.0,0.0,0.0
Andhra Pradesh,2023,400,0.79,0.0,0.0,0.0,0.0,0.0,0.0
Andhra Pradesh,2024,400,0.79,0.0,0.0,0.0,0.0,0.0,0.0
Arunachal Pradesh,2014,400,0.79,0.0,0.0,0.0,0.0,0.0,0.0
Arunachal Pradesh,2015,400,0.79,0.0,0.0,0.0,0.0,0.0,0.0
Arunachal Pradesh,2016,400,0.79,0.0,0.0,0.0,0.0,0.0,0.0
Arunachal Pradesh,2017,400,0.79,0.0,0.0,0.0,0.0,0.0,0.0
Arunachal Pradesh,2018,400,0.79,0.0,0.0,0.0,0.0,0.0,0.0
Arunachal Pradesh,2019,400,0.79,0.0,0.0,0.0,0.0,0.0,0.0
Arunachal Pradesh,2020,400,0.79,13.18445280669326,0.0,13.18445280669326,0.0,19.776679210039887,0.0
Arunachal Pradesh,2021,400,0.79,39.2324895218995,4.368878566625784,43.60136808852528,0.0,62.93170016353257,0.0
Arunachal Pradesh,2022,400,0.79,90.49651028907458,2.2872680946299813,92.78377838370456,0.0,137.8823477554667,0.0
Arunachal Pradesh,2023,400,0.79,127.75943977804496,83.29198525309461,211.0514250311396,0.0,269.48026436625696,0.0
Arunachal Pradesh,2024,400,0.79,172.93001288160042,24.72344934099505,197.65346222259544,0.0,282.5004910293078,0.0
Assam,2014,400,0.79,0.0,0.0,0.0,0.0,0.0,0.0
Assam,2015,400,0.79,0.0,0.0,0.0,0.0,0.0,0.0
Assam,2016,400,0.79,0.0,0.0,0.0,0.0,0.0,0.0
Assam,2017,400,0.79,0.0,0.0,0.0,0.0,0.0,0.0
Assam,2018,400,0.79,0.0,0.0,0.0,0.0,0.0,0.0
Assam,2019,400,0.79,0.0,0.0,0.0,0.0,0.0,0.0
Assam,2020,400,0.79,0.0,0.0,0.0,0.0,0.0,0.0
Assam,2021,400,0.79,0.0,0.0,0.0,0.0,0.0,0.0
Assam,2022,400,0.79,0.0,0.0,0.0,0.0,0.0,0.0
Assam,2023,400,0.79,0.0,0.0,0.0,0.0,0.0,0.0
Assam,2024,400,0.79,0.0,0.0,0.0,0.0,0.0,0.0
Bihar,2014,400,0.79,0.0,0.0,0.0,0.0,0.0,0.0
Bihar,2015,400,0.79,0.0,0.0,0.0,0.0,0.0,0.0
Bihar,2016,400,0.79,0.0,0.0,0.0,0.0,0.0,0.0
Bihar,2017,400,0.79,0.0,0.0,0.0,0.0,0.0,0.0
Bihar,2018,400,0.79,0.0,0.0,0.0,0.0,0.0,0.0
Bihar,2019,400,0.79,0.0,0.0,0.0,0.0,0.0,0.0
Bihar,2020,400,0.79,0.0,0.0,0.0,0.0,0.0,0.0
Bihar,2021,400,0.79,0.0,0.0,0.0,0.0,0.0,0.0
Bihar,2022,400,0.79,0.0,0.0,0.0,0.0,0.0,0.0
Bihar,2023,400,0.79,0.0,0.0,0.0,0.0,0.0,0.0
Bihar,2024,400,0.79,0.0,0.0,0.0,0.0,0.0,0.0
Chandigarh,2014,400,0.79,0.0,0.0,0.0,0.0,0.0,0.0
Chandigarh,2015,400,0.79,0.0,0.0,0.0,0.0,0.0,0.0
Chandigarh,2016,400,0.79,0.0,0.0,0.0,0.0,0.0,0.0
Chandigarh,2017,400,0.79,0.0,0.0,0.0,0.0,0.0,0.0
Chandigarh,2018,400,0.79,0.0,0.0,0.0,0.0,0.0,0.0
Chandigarh,2019,400,0.79,0.0,0.0,0.0,0.0,0.0,0.0
Chandigarh,2020,400,0.79,0.0,0.0,0.0,0.0,0.0,0.0
Chandigarh,2021,400,0.79,0.0,0.0,0.0,0.0,0.0,0.0
Chandigarh,2022,400,0.79,0.0,0.0,0.0,0.0,0.0,0.0
Chandigarh,2023,400,0.79,0.0,0.0,0.0,0.0,0.0,0.0
Chandigarh,2024,400,0.79,0.0,0.0,0.0,0.0,0.0,0.0
Chhattisgarh,2014,400,0.79,0.0,0.0,0.0,0.0,0.0,0.0
Chhattisgarh,2015,400,0.79,0.0,0.0,0.0,0.0,0.0,0.0
Chhattisgarh,2016,400,0.79,0.0,0.0,0.0,0.0,0.0,0.0
Chhattisgarh,2017,400,0.79,0.0,0.0,0.0,0.0,0.0,0.0
Chhattisgarh,2018,400,0.79,0.0,0.0,0.0,0.0,0.0,0.0
Chhattisgarh,2019,400,0.79,0.0,0.0,0.0,0.0,0.0,0.0
Chhattisgarh,2020,400,0.79,0.0,0.0,0.0,0.0,0.0,0.0
Chhattisgarh,2021,400,0.79,0.0,0.0,0.0,0.0,0.0,0.0
Chhattisgarh,2022,400,0.79,0.0,0.0,0.0,0.0,0.0,0.0
Chhattisgarh,2023,400,0.79,0.0,0.0,0.0,0.0,0.0,0.0
Chhattisgarh,2024,400,0.79,0.0,0.0,0.0,0.0,0.0,0.0
Dadra and Nagar Haveli and Daman and Diu,2014,400,0.79,0.0,0.0,0.0,0.0,0.0,0.0
Dadra and Nagar Haveli and Daman and Diu,2015,400,0.79,0.0,0.0,0.0,0.0,0.0,0.0
Dadra and Nagar Haveli and Daman and Diu,2016,400,0.79,0.0,0.0,0.0,0.0,0.0,0.0
Dadra and Nagar Haveli and Daman and Diu,2017,400,0.79,0.0,0.0,0.0,0.0,0.0,0.0
Dadra and Nagar Haveli and Daman and Diu,2018,400,0.79,0.0,0.0,0.0,0.0,0.0,0.0
Dadra and Nagar Haveli and Daman and Diu,2019,400,0.79,0.0,0.0,0.0,0.0,0.0,0.0
Dadra and Nagar Haveli and Daman and Diu,2020,400,0.79,0.0,0.0,0.0,0.0,0.0,0.0
Dadra and Nagar Haveli and Daman and Diu,2021,400,0.79,0.0,0.0,0.0,0.0,0.0,0.0
Dadra and Nagar Haveli and Daman and Diu,2022,400,0.79,0.0,0.0,0.0,0.0,0.0,0.0
Dadra and Nagar Haveli and Daman and Diu,2023,400,0.79,0.0,0.0,0.0,0.0,0.0,0.0
Dadra and Nagar Haveli and Daman and Diu,2024,400,0.79,0.0,0.0,0.0,0.0,0.0,0.0
Delhi,2014,400,0.79,0.0,0.0,0.0,0.0,0.0,0.0
Delhi,2015,400,0.79,0.0,0.0,0.0,0.0,0.0,0.0
Delhi,2016,400,0.79,0.0,0.0,0.0,0.0,0.0,0.0
Delhi,2017,400,0.79,0.0,0.0,0.0,0.0,0.0,0.0
Delhi,2018,400,0.79,0.0,0.0,0.0,0.0,0.0,0.0
Delhi,2019,400,0.79,0.0,0.0,0.0,0.0,0.0,0.0
Delhi,2020,400,0.79,0.0,0.0,0.0,0.0,0.0,0.0
Delhi,2021,400,0.79,0.0,0.0,0.0,0.0,0.0,0.0
Delhi,2022,400,0.79,0.0,0.0,0.0,0.0,0.0,0.0
Delhi,2023,400,0.79,0.0,0.0,0.0,0.0,0.0,0.0
Delhi,2024,400,0.79,0.0,0.0,0.0,0.0,0.0,0.0
Goa,2014,400,0.79,0.0,0.0,0.0,0.0,0.0,0.0
Goa,2015,400,0.79,0.0,0.0,0.0,0.0,0.0,0.0
Goa,2016,400,0.79,0.0,0.0,0.0,0.0,0.0,0.0
Goa,2017,400,0.79,0.0,0.0,0.0,0.0,0.0,0.0
Goa,2018,400,0.79,0.0,0.0,0.0,0.0,0.0,0.0
Goa,2019,400,0.79,0.0,0.0,0.0,0.0,0.0,0.0
Goa,2020,400,0.79,18.28000389142913,0.0,18.28000389142913,0.8825127303921221,26.53749310675157,0.8825127303921221
Goa,2021,400,0.79,54.39513278599584,6.057370629637136,60.45250341563297,1.8162074586112322,85.43744961387758,1.8162074586112322
Goa,2022,400,0.79,125.47176469889024,3.171255590474843,128.6430202893651,8.723751246239127,182.44761479253617,8.723751246239127
Goa,2023,400,0.79,177.1361383404436,115.482821841379,292.6189601818226,14.291243126833832,359.33823953002155,14.291243126833832
Goa,2024,400,0.79,239.7643159536921,34.278612604499195,274.04292855819125,19.297949651583675,372.3838403370579,19.297949651583675
Gujarat,2014,400,0.79,0.0,0.0,0.0,0.0,0.0,0.0
Gujarat,2015,400,0.79,0.0,0.0,0.0,0.0,0.0,0.0
Gujarat,2016,400,0.79,0.0,0.0,0.0,0.0,0.0,0.0
Gujarat,2017,400,0.79,0.0,0.0,0.0,0.0,0.0,0.0
Gujarat,2018,400,0.79,0.0,0.0,0.0,0.0,0.0,0.0
Gujarat,2019,400,0.79,0.0,0.0,0.0,0.0,0.0,0.0
Gujarat,2020,400,0.79,4468.112801167429,0.0,4468.112801167429,772.2011590221562,5929.968042728988,772.2011590221562
Gujarat,2021,400,0.79,13295.598325133014,1480.580387862344,14776.17871299536,2424.9431706729392,18902.14102634148,2424.9431706729392
Gujarat,2022,400,0.79,30668.59292623212,775.1381117713016,31443.73103800342,5772.887837646017,40954.41227058918,5772.887837646017
Gujarat,2023,400,0.79,43296.722034035854,28227.033082106365,71523.75511614222,8447.64850764007,82877.20482761513,8447.64850764007
Gujarat,2024,400,0.79,58604.69263237612,8378.59273412047,66983.2853664966,11161.262746103757,84576.04837410744,11161.262746103757
Haryana,2014,400,0.79,0.0,0.0,0.0,0.0,0.0,0.0
Haryana,2015,400,0.79,0.0,0.0,0.0,0.0,0.0,0.0
Haryana,2016,400,0.79,0.0,0.0,0.0,0.0,0.0,0.0
Haryana,2017,400,0.79,0.0,0.0,0.0,0.0,0.0,0.0
Haryana,2018,400,0.79,0.0,0.0,0.0,0.0,0.0,0.0
Haryana,2019,400,0.79,0.0,0.0,0.0,0.0,0.0,0.0
Haryana,2020,400,0.79,3589.11881404806,0.0,3589.11881404806,1953.5490587112172,3430.1291623608713,1953.5490587112172
Haryana,2021,400,0.79,10680.008365118409,1189.311721136242,11869.32008625465,5896.5803346233215,11234.911762060474,5896.5803346233215
Haryana,2022,400,0.79,24635.28312068599,622.648286703319,25257.931407389307,12258.02088718499,25276.804085075717,12258.02088718499
Haryana,2023,400,0.79,34779.130821935614,22674.04159386365,57453.17241579927,17823.167227052374,55535.71243464794,17823.167227052374
Haryana,2024,400,0.79,47075.62549974285,6730.3056470331285,53805.931146775976,22485.822977462394,54417.469271145004,22485.822977462394
Himachal Pradesh,2014,400,0.79,0.0,0.0,0.0,0.0,0.0,0.0
Himachal Pradesh,2015,400,0.79,0.0,0.0,0.0,0.0,0.0,0.0
Himachal Pradesh,2016,400,0.79,0.0,0.0,0.0,0.0,0.0,0.0
Himachal Pradesh,2017,400,0.79,0.0,0.0,0.0,0.0,0.0,0.0
Himachal Pradesh,2018,400,0.79,0.0,0.0,0.0,0.0,0.0,0.0
Himachal Pradesh,2019,400,0.79,0.0,0.0,0.0,0.0,0.0,0.0
Himachal Pradesh,2020,400,0.79,21.91315466485067,0.0,21.91315466485067,3.1288758277775433,29.740856169498457,3.1288758277775433
Himachal Pradesh,2021,400,0.79,65.2061654272125,7.261273042277516,72.46743846949002,8.95986245834247,95.63545895730348,8.95986245834247
Himachal Pradesh,2022,400,0.79,150.40927793279468,3.801542639081719,154.2108205718764,20.074382592745348,209.09229244623657,20.074382592745348
Himachal Pradesh,2023,400,0.79,212.3419458356068,138.43503268235307,350.77697851795983,28.01826804189553,419.8700742930099,28.01826804189553
Himachal Pradesh,2024,400,0.79,287.41747374948835,41.0914868596434,328.50896060913175,35.82599914006017,433.7025466088239,35.82599914006017
Jammu and Kashmir,2014,400,0.79,0.0,0.0,0.0,0.0,0.0,0.0
Jammu and Kashmir,2015,400,0.79,0.0,0.0,0.0,0.0,0.0,0.0
Jammu and Kashmir,2016,400,0.79,0.0,0.0,0.0,0.0,0.0,0.0
Jammu and Kashmir,2017,400,0.79,0.0,0.0,0.0,0.0,0.0,0.0
Jammu and Kashmir,2018,400,0.79,0.0,0.0,0.0,0.0,0.0,0.0
Jammu and Kashmir,2019,400,0.79,0.0,0.0,0.0,0.0,0.0,0.0
Jammu and Kashmir,2020,400,0.79,66.03651405778773,0.0,66.03651405778773,5.192090275455328,93.86268081122627,5.192090275455328
Jammu and Kashmir,2021,400,0.79,196.50241718941,21.88225139956415,218.3846685889741,15.47526175060523,299.7285744237606,15.47526175060523
Jammu and Kashmir,2022,400,0.79,453.26674997474095,11.456160820590371,464.7229107953313,39.30233315644199,651.304226658634,39.30233315644199
Jammu and Kashmir,2023,400,0.79,639.9042997548526,417.1816939019817,1057.0859936568345,58.464024438728615,1291.2724816591615,58.464024438728615
Jammu and Kashmir,2024,400,0.79,866.1485913827127,123.83148803375336,989.980079416466,67.79678850424223,1347.153677829726,67.79678850424223
Jharkhand,2014,400,0.79,0.0,0.0,0.0,0.0,0.0,0.0
Jharkhand,2015,400,0.79,0.0,0.0,0.0,0.0,0.0,0.0
Jharkhand,2016,400,0.79,0.0,0.0,0.0,0.0,0.0,0.0
Jharkhand,2017,400,0.79,0.0,0.0,0.0,0.0,0.0,0.0
Jharkhand,2018,400,0.79,0.0,0.0,0.0,0.0,0.0,0.0
Jharkhand,2019,400,0.79,0.0,0.0,0.0,0.0,0.0,0.0
Jharkhand,2020,400,0.79,810.2383224827319,0.0,810.2383224827319,104.61743873918913,1110.7400449849085,104.61743873918913
Jharkhand,2021,400,0.79,2410.996266823284,268.485381445379,2679.4816482686624,364.0565242151436,3503.352758451583,364.0565242151436
Jharkhand,2022,400,0.79,5561.379130572436,140.56193997830937,5701.941070550745,634.6386468671627,7838.793188594005,634.6386468671627
Jharkhand,2023,400,0.79,7851.337911767237,5118.631724591824,12969.96963635906,930.1541356621138,15630.505646249681,930.1541356621138
Jharkhand,2024,400,0.79,10627.25359925246,1519.3566554286713,12146.61025468113,1173.4563987418016,16187.349340267252,1173.4563987418016
Karnataka,2014,400,0.79,0.0,0.0,0.0,0.0,0.0,0.0
Karnataka,2015,400,0.79,0.0,0.0,0.0,0.0,0.0,0.0
Karnataka,2016,400,0.79,0.0,0.0,0.0,0.0,0.0,0.0
Karnataka,2017,400,0.79,0.0,0.0,0.0,0.0,0.0,0.0
Karnataka,2018,400,0.79,0.0,0.0,0.0,0.0,0.0,0.0
Karnataka,2019,400,0.79,0.0,0.0,0.0,0.0,0.0,0.0
Karnataka,2020,400,0.79,542.9389655803094,0.0,542.9389655803094,131.59207820651207,682.8163701639521,131.59207820651207
Karnataka,2021,400,0.79,1615.603437660059,179.91147941351,1795.514917073569,396.31065042226965,2195.232031701989,396.31065042226965
Karnataka,2022,400,0.79,3726.6682512629136,94.19025510659095,3820.858506369505,979.0295991628499,4698.998936396326,979.0295991628499
Karnataka,2023,400,0.79,5261.164728884101,3429.984162216259,8691.14889110036,1316.1083495019693,9781.154322259958,1316.1083495019693
Karnataka,2024,400,0.79,7121.299889219597,1018.1176426193816,8139.417531838979,1712.2643239623742,9921.17444093777,1712.2643239623742
Kerala,2014,400,0.79,0.0,0.0,0.0,0.0,0.0,0.0
Kerala,2015,400,0.79,0.0,0.0,0.0,0.0,0.0,0.0
Kerala,2016,400,0.79,0.0,0.0,0.0,0.0,0.0,0.0
Kerala,2017,400,0.79,0.0,0.0,0.0,0.0,0.0,0.0
Kerala,2018,400,0.79,0.0,0.0,0.0,0.0,0.0,0.0
Kerala,2019,400,0.79,0.0,0.0,0.0,0.0,0.0,0.0
Kerala,2020,400,0.79,300.95741406751625,0.0,300.95741406751625,52.641880731349545,398.794240369925,52.641880731349545
Kerala,2021,400,0.79,895.5478674054389,99.7270357036884,995.2749031091272,164.1903897376074,1272.3320068895805,164.1903897376074
Kerala,2022,400,0.79,2065.735766061354,52.21075922768021,2117.946525289034,388.4212954182479,2758.976282202639,388.4212954182479
Kerala,2023,400,0.79,2916.3250976024783,1901.280308091004,4817.605405693482,600.6050827002501,5550.737312391554,600.6050827002501
Kerala,2024,400,0.79,3947.419756782597,564.3545082673236,4511.77426504992,745.8227737682804,5702.728296157217,745.8227737682804
Ladakh,2014,400,0.79,0.0,0.0,0.0,0.0,0.0,0.0
Ladakh,2015,400,0.79,0.0,0.0,0.0,0.0,0.0,0.0
Ladakh,2016,400,0.79,0.0,0.0,0.0,0.0,0.0,0.0
Ladakh,2017,400,0.79,0.0,0.0,0.0,0.0,0.0,0.0
Ladakh,2018,400,0.79,0.0,0.0,0.0,0.0,0.0,0.0
Ladakh,2019,400,0.79,0.0,0.0,0.0,0.0,0.0,0.0
Ladakh,2020,400,0.79,0.0,0.0,0.0,0.0,0.0,0.0
Ladakh,2021,400,0.79,0.0,0.0,0.0,0.0,0.0,0.0
Ladakh,2022,400,0.79,0.0,0.0,0.0,0.0,0.0,0.0
Ladakh,2023,400,0.79,0.0,0.0,0.0,0.0,0.0,0.0
Ladakh,2024,400,0.79,0.0,0.0,0.0,0.0,0.0,0.0
Lakshadweep,2014,400,0.79,0.0,0.0,0.0,0.0,0.0,0.0
Lakshadweep,2015,400,0.79,0.0,0.0,0.0,0.0,0.0,0.0
Lakshadweep,2016,400,0.79,0.0,0.0,0.0,0.0,0.0,0.0
Lakshadweep,2017,400,0.79,0.0,0.0,0.0,0.0,0.0,0.0
Lakshadweep,2018,400,0.79,0.0,0.0,0.0,0.0,0.0,0.0
Lakshadweep,2019,400,0.79,0.0,0.0,0.0,0.0,0.0,0.0
Lakshadweep,2020,400,0.79,0.0,0.0,0.0,0.0,0.0,0.0
Lakshadweep,2021,400,0.79,0.0,0.0,0.0,0.0,0.0,0.0
Lakshadweep,2022,400,0.79,0.0,0.0,0.0,0.0,0.0,0.0
Lakshadweep,2023,400,0.79,0.0,0.0,0.0,0.0,0.0,0.0
Lakshadweep,2024,400,0.79,0.0,0.0,0.0,0.0,0.0,0.0
Madhya Pradesh,2014,400,0.79,0.0,0.0,0.0,0.0,0.0,0.0
Madhya Pradesh,2015,400,0.79,0.0,0.0,0.0,0.0,0.0,0.0
Madhya Pradesh,2016,400,0.79,0.0,0.0,0.0,0.0,0.0,0.0
Madhya Pradesh,2017,400,0.79,0.0,0.0,0.0,0.0,0.0,0.0
Madhya Pradesh,2018,400,0.79,0.0,0.0,0.0,0.0,0.0,0.0
Madhya Pradesh,2019,400,0.79,0.0,0.0,0.0,0.0,0.0,0.0
Madhya Pradesh,2020,400,0.79,540.1969649965949,0.0,540.1969649965949,113.0621414389644,697.233306055928,113.0621414389644
Madhya Pradesh,2021,400,0.79,1607.4441677421592,179.00287381906438,1786.4470415612236,341.82239054760976,2236.6322430157747,341.82239054760976
Madhya Pradesh,2022,400,0.79,3707.84748655808,93.71456676801972,3801.5620533261,797.0912769354502,4852.261553717909,797.0912769354502
Madhya Pradesh,2023,400,0.79,5234.594308133034,3412.661738940052,8647.256047073086,1161.0454274237757,9880.172821939625,1161.0454274237757
Madhya Pradesh,2024,400,0.79,7085.335241826543,1012.9758507287067,8098.31109255525,1453.6999748169158,10120.986521584928,1453.6999748169158
Maharashtra,2014,400,0.79,0.0,0.0,0.0,0.0,0.0,0.0
Maharashtra,2015,400,0.79,0.0,0.0,0.0,0.0,0.0,0.0
Maharashtra,2016,400,0.79,0.0,0.0,0.0,0.0,0.0,0.0
Maharashtra,2017,400,0.79,0.0,0.0,0.0,0.0,0.0,0.0
Maharashtra,2018,400,0.79,0.0,0.0,0.0,0.0,0.0,0.0
Maharashtra,2019,400,0.79,0.0,0.0,0.0,0.0,0.0,0.0
Maharashtra,2020,400,0.79,16612.387686428643,0.0,16612.387686428643,1596.1617456789713,23322.41978396399,1596.1617456789713
Maharashtra,2021,400,0.79,49432.86880367739,5504.7794222352,54937.64822591259,4800.825971453702,74493.007167526,4800.825971453702
Maharashtra,2022,400,0.79,114025.4461245281,2881.953835164288,116907.39995969238,10652.538129646446,163078.98107803406,10652.538129646446
Maharashtra,2023,400,0.79,160976.67270016373,104947.75706537192,265924.42976553563,32714.903169743215,306829.76289488724,32714.903169743215
Maharashtra,2024,400,0.79,217891.5165254216,31151.503321388,249043.0198468096,40563.53291684268,315386.5961778476,40563.53291684268
Manipur,2014,400,0.79,0.0,0.0,0.0,0.0,0.0,0.0
Manipur,2015,400,0.79,0.0,0.0,0.0,0.0,0.0,0.0
Manipur,2016,400,0.79,0.0,0.0,0.0,0.0,0.0,0.0
Manipur,2017,400,0.79,0.0,0.0,0.0,0.0,0.0,0.0
Manipur,2018,400,0.79,0.0,0.0,0.0,0.0,0.0,0.0
Manipur,2019,400,0.79,0.0,0.0,0.0,0.0,0.0,0.0
Manipur,2020,400,0.79,1.78230037941434,0.0,1.78230037941434,0.09830003586258518,2.575150533258925,0.09830003586258518
Manipur,2021,400,0.79,5.303525446634594,0.5905936363896207,5.894119083024215,0.2666073835421032,8.240624181025556,0.2666073835421032
Manipur,2022,400,0.79,12.2334970581418,0.3091974200712973,12.542694478213097,0.5483638402227089,18.09084434855789,0.5483638402227089
Manipur,2023,400,0.79,17.270773488193257,11.259575129534454,28.53034861772771,0.8150422349475307,35.613832324095874,0.8150422349475307
Manipur,2024,400,0.79,23.37702080548498,3.342164728938672,26.71918553442365,1.0265986965459453,37.162375827346615,1.0265986965459453
Meghalaya,2014,400,0.79,0.0,0.0,0.0,0.0,0.0,0.0
Meghalaya,2015,400,0.79,0.0,0.0,0.0,0.0,0.0,0.0
Meghalaya,2016,400,0.79,0.0,0.0,0.0,0.0,0.0,0.0
Meghalaya,2017,400,0.79,0.0,0.0,0.0,0.0,0.0,0.0
Meghalaya,2018,400,0.79,0.0,0.0,0.0,0.0,0.0,0.0
Meghalaya,2019,400,0.79,0.0,0.0,0.0,0.0,0.0,0.0
Meghalaya,2020,400,0.79,2.2393004767000684,0.0,2.2393004767000684,0.1029976890071145,3.2559530260429876,0.1029976890071145
Meghalaya,2021,400,0.79,6.663403766284492,0.7420279021305491,7.405431668415041,0.2991559772648613,10.389417014115018,0.2991559772648613
Meghalaya,2022,400,0.79,15.370291175614057,0.3884788098331683,15.758769985447223,0.6889699531003265,22.729522386649645,0.6889699531003265
Meghalaya,2023,400,0.79,21.699176946704345,14.14664567556893,35.845822622273275,1.024027423395616,44.74558420206918,1.024027423395616
Meghalaya,2024,400,0.79,29.37112870432728,4.199130044051151,33.57025874837843,1.2898291315577266,46.69119014205088,1.2898291315577266
Mizoram,2014,400,0.79,0.0,0.0,0.0,0.0,0.0,0.0
Mizoram,2015,400,0.79,0.0,0.0,0.0,0.0,0.0,0.0
Mizoram,2016,400,0.79,0.0,0.0,0.0,0.0,0.0,0.0
Mizoram,2017,400,0.79,0.0,0.0,0.0,0.0,0.0,0.0
Mizoram,2018,400,0.79,0.0,0.0,0.0,0.0,0.0,0.0
Mizoram,2019,400,0.79,0.0,0.0,0.0,0.0,0.0,0.0
Mizoram,2020,400,0.79,0.9140001945714564,0.0,0.9140001945714564,0.055524360650735585,1.315475931206449,0.055524360650735585
Mizoram,2021,400,0.79,2.719756639299792,0.3028685314818568,3.022625170781649,0.16759438502233126,4.195088468602108,0.16759438502233126
Mizoram,2022,400,0.79,6.273588234944512,0.1585627795237421,6.432151014468254,0.37494963434031375,9.183618667598454,0.37494963434031375
Mizoram,2023,400,0.79,8.856806917022183,5.774141092068951,14.630948009091137,0.41797037689616967,18.263503755946605,0.41797037689616967
Mizoram,2024,400,0.79,11.988215797684605,1.7139306302249595,13.702146427909565,0.5264608700235617,19.057628629408512,0.5264608700235617
Nagaland,2014,400,0.79,0.0,0.0,0.0,0.0,0.0,0.0
Nagaland,2015,400,0.79,0.0,0.0,0.0,0.0,0.0,0.0
Nagaland,2016,400,0.79,0.0,0.0,0.0,0.0,0.0,0.0
Nagaland,2017,400,0.79,0.0,0.0,0.0,0.0,0.0,0.0
Nagaland,2018,400,0.79,0.0,0.0,0.0,0.0,0.0,0.0
Nagaland,2019,400,0.79,0.0,0.0,0.0,0.0,0.0,0.0
Nagaland,2020,400,0.79,1.4852503161786166,0.0,1.4852503161786166,0.06996422351064617,2.157911250757279,0.06996422351064617
Nagaland,2021,400,0.79,4.4196045388621625,0.4921613636580174,4.91176590252018,0.08481802695383343,7.004541610185884,0.08481802695383343
Nagaland,2022,400,0.79,10.194580881784834,0.2576645167260811,10.452245398510914,0.4569698668522575,15.075703623798237,0.4569698668522575
Nagaland,2023,400,0.79,14.392311240161042,9.382979274612044,23.775290514773086,0.6792018624562757,29.67819360341323,0.6792018624562757
Nagaland,2024,400,0.79,19.480850671237484,2.78513727411556,22.265987945353043,0.8554989137882878,30.968646522788845,0.8554989137882878
Odisha,2014,400,0.79,0.0,0.0,0.0,0.0,0.0,0.0
Odisha,2015,400,0.79,0.0,0.0,0.0,0.0,0.0,0.0
Odisha,2016,400,0.79,0.0,0.0,0.0,0.0,0.0,0.0
Odisha,2017,400,0.79,0.0,0.0,0.0,0.0,0.0,0.0
Odisha,2018,400,0.79,0.0,0.0,0.0,0.0,0.0,0.0
Odisha,2019,400,0.79,0.0,0.0,0.0,0.0,0.0,0.0
Odisha,2020,400,0.79,130.61062780426113,0.0,130.61062780426113,18.96298872800953,176.95295297838217,18.96298872800953
Odisha,2021,400,0.79,388.6532237559402,43.27991314875734,431.9331369046975,59.05029659129446,564.3770831916381,59.05029659129446
Odisha,2022,400,0.79,896.4957587735709,22.65862119394276,919.1543799675136,144.41928864247424,1221.5001217045758,144.41928864247424
Odisha,2023,400,0.79,1265.6377084424694,825.1247620566529,2090.762470499122,221.375736364206,2448.206917219026,221.375736364206
Odisha,2024,400,0.79,1713.11603748913,244.9206870591468,1958.0367245482769,290.2722871264542,2508.294102342391,290.2722871264542
Puducherry,2014,400,0.79,0.0,0.0,0.0,0.0,0.0,0.0
Puducherry,2015,400,0.79,0.0,0.0,0.0,0.0,0.0,0.0
Puducherry,2016,400,0.79,0.0,0.0,0.0,0.0,0.0,0.0
Puducherry,2017,400,0.79,0.0,0.0,0.0,0.0,0.0,0.0
Puducherry,2018,400,0.79,0.0,0.0,0.0,0.0,0.0,0.0
Puducherry,2019,400,0.79,0.0,0.0,0.0,0.0,0.0,0.0
Puducherry,2020,400,0.79,0.0,0.0,0.0,0.0,0.0,0.0
Puducherry,2021,400,0.79,0.0,0.0,0.0,0.0,0.0,0.0
Puducherry,2022,400,0.79,0.0,0.0,0.0,0.0,0.0,0.0
Puducherry,2023,400,0.79,0.0,0.0,0.0,0.0,0.0,0.0
Puducherry,2024,400,0.79,0.0,0.0,0.0,0.0,0.0,0.0
Punjab,2014,400,0.79,0.0,0.0,0.0,0.0,0.0,0.0
Punjab,2015,400,0.79,0.0,0.0,0.0,0.0,0.0,0.0
Punjab,2016,400,0.79,0.0,0.0,0.0,0.0,0.0,0.0
Punjab,2017,400,0.79,0.0,0.0,0.0,0.0,0.0,0.0
Punjab,2018,400,0.79,0.0,0.0,0.0,0.0,0.0,0.0
Punjab,2019,400,0.79,0.0,0.0,0.0,0.0,0.0,0.0
Punjab,2020,400,0.79,343.3213230859034,0.0,343.3213230859034,206.60319456230863,308.37879006654634,206.60319456230863
Punjab,2021,400,0.79,1021.6085876369845,113.76499213787248,1135.3735797748568,621.6449587203809,1017.0877881722996,621.6449587203809
Punjab,2022,400,0.79,2356.516580751032,59.56014405860565,2416.0767248096377,1393.4694704414226,2196.967747974327,1393.4694704414226
Punjab,2023,400,0.79,3326.8380982064564,2168.911747708399,5495.749845914856,2056.827209061528,4960.401512087537,2056.827209061528
Punjab,2024,400,0.79,4503.07355900528,643.7951929782505,5146.86875198353,2481.7067962519136,4874.566821972263,2481.7067962519136
Rajasthan,2014,400,0.79,0.0,0.0,0.0,0.0,0.0,0.0
Rajasthan,2015,400,0.79,0.0,0.0,0.0,0.0,0.0,0.0
Rajasthan,2016,400,0.79,0.0,0.0,0.0,0.0,0.0,0.0
Rajasthan,2017,400,0.79,0.0,0.0,0.0,0.0,0.0,0.0
Rajasthan,2018,400,0.79,0.0,0.0,0.0,0.0,0.0,0.0
Rajasthan,2019,400,0.79,0.0,0.0,0.0,0.0,0.0,0.0
Rajasthan,2020,400,0.79,3562.5214083860296,0.0,3562.5214083860296,1793.5043034496218,3550.277809129423,1793.5043034496218
Rajasthan,2021,400,0.79,10600.86344691478,1180.49824687012,11781.3616937849,5503.5422638465825,11500.995761796741,5503.5422638465825
Rajasthan,2022,400,0.79,24452.721703049097,618.0341098191781,25070.75581286828,13181.6656414279,24075.00499324638,13181.6656414279
Rajasthan,2023,400,0.79,34521.397740650274,22506.01408808445,57027.41182873472,19389.296302462375,53425.95246197222,19389.296302462375
Rajasthan,2024,400,0.79,46726.76842003023,6680.4302656935815,53407.19868572381,24601.01393877139,51732.38130540252,24601.01393877139
Sikkim,2014,400,0.79,0.0,0.0,0.0,0.0,0.0,0.0
Sikkim,2015,400,0.79,0.0,0.0,0.0,0.0,0.0,0.0
Sikkim,2016,400,0.79,0.0,0.0,0.0,0.0,0.0,0.0
Sikkim,2017,400,0.79,0.0,0.0,0.0,0.0,0.0,0.0
Sikkim,2018,400,0.79,0.0,0.0,0.0,0.0,0.0,0.0
Sikkim,2019,400,0.79,0.0,0.0,0.0,0.0,0.0,0.0
Sikkim,2020,400,0.79,0.0,0.0,0.0,0.0,0.0,0.0
Sikkim,2021,400,0.79,0.0,0.0,0.0,0.0,0.0,0.0
Sikkim,2022,400,0.79,0.0,0.0,0.0,0.0,0.0,0.0
Sikkim,2023,400,0.79,0.0,0.0,0.0,0.0,0.0,0.0
Sikkim,2024,400,0.79,0.0,0.0,0.0,0.0,0.0,0.0
Tamil Nadu,2014,400,0.79,0.0,0.0,0.0,0.0,0.0,0.0
Tamil Nadu,2015,400,0.79,0.0,0.0,0.0,0.0,0.0,0.0
Tamil Nadu,2016,400,0.79,0.0,0.0,0.0,0.0,0.0,0.0
Tamil Nadu,2017,400,0.79,0.0,0.0,0.0,0.0,0.0,0.0
Tamil Nadu,2018,400,0.79,0.0,0.0,0.0,0.0,0.0,0.0
Tamil Nadu,2019,400,0.79,0.0,0.0,0.0,0.0,0.0,0.0
Tamil Nadu,2020,400,0.79,95.6729703667672,0.0,95.6729703667672,27.70650035909166,115.80295519105913,27.70650035909166
Tamil Nadu,2021,400,0.79,284.69052621870577,31.702763532863365,316.3932897515691,88.65171720331998,368.0121104998185,88.65171720331998
Tamil Nadu,2022,400,0.79,656.6878484928168,16.597558946647716,673.2854074394645,180.22591503103536,820.317221974405,180.22591503103536
Tamil Nadu,2023,400,0.79,927.0862640392968,604.4082188123174,1531.494482851614,258.6912037192592,1696.792101136058,258.6912037192592
Tamil Nadu,2024,400,0.79,1254.8664886226363,179.40568871879768,1434.272177341434,327.38139775737073,1722.5831705956823,327.38139775737073
Telangana,2014,400,0.79,0.0,0.0,0.0,0.0,0.0,0.0
Telangana,2015,400,0.79,0.0,0.0,0.0,0.0,0.0,0.0
Telangana,2016,400,0.79,0.0,0.0,0.0,0.0,0.0,0.0
Telangana,2017,400,0.79,0.0,0.0,0.0,0.0,0.0,0.0
Telangana,2018,400,0.79,0.0,0.0,0.0,0.0,0.0,0.0
Telangana,2019,400,0.79,0.0,0.0,0.0,0.0,0.0,0.0
Telangana,2020,400,0.79,0.0,0.0,0.0,0.0,0.0,0.0
Telangana,2021,400,0.79,0.0,0.0,0.0,0.0,0.0,0.0
Telangana,2022,400,0.79,0.0,0.0,0.0,0.0,0.0,0.0
Telangana,2023,400,0.79,0.0,0.0,0.0,0.0,0.0,0.0
Telangana,2024,400,0.79,0.0,0.0,0.0,0.0,0.0,0.0
Tripura,2014,400,0.79,0.0,0.0,0.0,0.0,0.0,0.0
Tripura,2015,400,0.79,0.0,0.0,0.0,0.0,0.0,0.0
Tripura,2016,400,0.79,0.0,0.0,0.0,0.0,0.0,0.0
Tripura,2017,400,0.79,0.0,0.0,0.0,0.0,0.0,0.0
Tripura,2018,400,0.79,0.0,0.0,0.0,0.0,0.0,0.0
Tripura,2019,400,0.79,0.0,0.0,0.0,0.0,0.0,0.0
Tripura,2020,400,0.79,120.09962556668938,0.0,120.09962556668938,5.471925742129993,174.67751260790405,5.471925742129993
Tripura,2021,400,0.79,357.3760224039926,39.79692503671598,397.1729474407086,16.33291079235129,556.9236161739002,16.33291079235129
Tripura,2022,400,0.79,824.3494940717089,20.83514922941972,845.1846433011286,36.95128646423792,1219.0445884105159,36.95128646423792
Tripura,2023,400,0.79,1163.7844288967144,758.7221394978602,1922.5065683945743,54.92130752415669,2399.824393531383,54.92130752415669
Tripura,2024,400,0.79,1575.251555815757,225.21048481155967,1800.4620406273168,69.17695832109601,2504.17240190428,69.17695832109601
Uttar Pradesh,2014,400,0.79,0.0,0.0,0.0,0.0,0.0,0.0
Uttar Pradesh,2015,400,0.79,0.0,0.0,0.0,0.0,0.0,0.0
Uttar Pradesh,2016,400,0.79,0.0,0.0,0.0,0.0,0.0,0.0
Uttar Pradesh,2017,400,0.79,0.0,0.0,0.0,0.0,0.0,0.0
Uttar Pradesh,2018,400,0.79,0.0,0.0,0.0,0.0,0.0,0.0
Uttar Pradesh,2019,400,0.79,0.0,0.0,0.0,0.0,0.0,0.0
Uttar Pradesh,2020,400,0.79,1608.8231424846774,0.0,1608.8231424846774,423.6610078991361,1989.5737058278796,423.6610078991361
Uttar Pradesh,2021,400,0.79,4787.315636495493,533.1091891143643,5320.424825609857,1243.7151364935876,6435.479222456153,1243.7151364935876
Uttar Pradesh,2022,400,0.79,11042.77001114933,279.1022045176909,11321.87221566702,2877.5782830809712,13947.413641991645,2877.5782830809712
Uttar Pradesh,2023,400,0.79,15589.75153534244,10163.643150259768,25753.39468560221,4164.715418121461,28718.415350508392,4164.715418121461
Uttar Pradesh,2024,400,0.79,21101.657447084443,3016.860695321974,24118.518142406418,5222.748322369608,29249.166014530743,5222.748322369608
Uttarakhand,2014,400,0.79,0.0,0.0,0.0,0.0,0.0,0.0
Uttarakhand,2015,400,0.79,0.0,0.0,0.0,0.0,0.0,0.0
Uttarakhand,2016,400,0.79,0.0,0.0,0.0,0.0,0.0,0.0
Uttarakhand,2017,400,0.79,0.0,0.0,0.0,0.0,0.0,0.0
Uttarakhand,2018,400,0.79,0.0,0.0,0.0,0.0,0.0,0.0
Uttarakhand,2019,400,0.79,0.0,0.0,0.0,0.0,0.0,0.0
Uttarakhand,2020,400,0.79,31.23595664947953,0.0,31.23595664947953,5.5345634540012805,41.319371520218006,5.5345634540012805
Uttarakhand,2021,400,0.79,92.94768314807038,10.350532063392455,103.29821521146285,16.3423290561625,132.75235746645276,16.3423290561625
Uttarakhand,2022,400,0.79,214.3998779292287,5.418882990223889,219.81876091945256,37.29222969073241,289.37184202802496,37.29222969073241
Uttarakhand,2023,400,0.79,302.68137638923304,197.3312718214564,500.0126482106895,59.067765929340084,579.3716125605616,59.067765929340084
Uttarakhand,2024,400,0.79,409.6972748858713,58.57357928793801,468.2708541738093,77.06247875822213,592.2237798848693,77.06247875822213
West Bengal,2014,400,0.79,0.0,0.0,0.0,0.0,0.0,0.0
West Bengal,2015,400,0.79,0.0,0.0,0.0,0.0,0.0,0.0
West Bengal,2016,400,0.79,0.0,0.0,0.0,0.0,0.0,0.0
West Bengal,2017,400,0.79,0.0,0.0,0.0,0.0,0.0,0.0
West Bengal,2018,400,0.79,0.0,0.0,0.0,0.0,0.0,0.0
West Bengal,2019,400,0.79,0.0,0.0,0.0,0.0,0.0,0.0
West Bengal,2020,400,0.79,0.4570000972857282,0.0,0.4570000972857282,0.061853635282017635,0.6236465106465747,0.061853635282017635
West Bengal,2021,400,0.79,1.359878319649896,0.1514342657409284,1.5113125853908245,0.18663894196139003,1.99470248485083,0.18663894196139003
West Bengal,2022,400,0.79,3.136794117472256,0.079281389761871,3.216075507234127,0.43463083769755817,4.3446533132718255,0.43463083769755817
West Bengal,2023,400,0.79,4.428403458511092,2.8870705460344754,7.315474004545567,0.7491701035486947,8.591566962872692,0.7491701035486947
West Bengal,2024,400,0.79,5.9941078988423016,0.8569653151124798,6.851073213954781,0.9608963799670048,8.83114836974903,0.9608963799670048
Andaman and Nicobar Islands,2014,600,0.71,0.0,0.0,0.0,0.0,0.0,0.0
Andaman and Nicobar Islands,2015,600,0.71,0.0,0.0,0.0,0.0,0.0,0.0
Andaman and Nicobar Islands,2016,600,0.71,0.0,0.0,0.0,0.0,0.0,0.0
Andaman and Nicobar Islands,2017,600,0.71,0.0,0.0,0.0,0.0,0.0,0.0
Andaman and Nicobar Islands,2018,600,0.71,0.0,0.0,0.0,0.0,0.0,0.0
Andaman and Nicobar Islands,2019,600,0.71,0.0,0.0,0.0,0.0,0.0,0.0
Andaman and Nicobar Islands,2020,600,0.71,0.0,0.0,0.0,0.0,0.0,0.0
Andaman and Nicobar Islands,2021,600,0.71,0.0,0.0,0.0,0.0,0.0,0.0
Andaman and Nicobar Islands,2022,600,0.71,0.0,0.0,0.0,0.0,0.0,0.0
Andaman and Nicobar Islands,2023,600,0.71,0.0,0.0,0.0,0.0,0.0,0.0
Andaman and Nicobar Islands,2024,600,0.71,0.0,0.0,0.0,0.0,0.0,0.0
Andhra Pradesh,2014,600,0.71,0.0,0.0,0.0,0.0,0.0,0.0
Andhra Pradesh,2015,600,0.71,0.0,0.0,0.0,0.0,0.0,0.0
Andhra Pradesh,2016,600,0.71,0.0,0.0,0.0,0.0,0.0,0.0
Andhra Pradesh,2017,600,0.71,0.0,0.0,0.0,0.0,0.0,0.0
Andhra Pradesh,2018,600,0.71,0.0,0.0,0.0,0.0,0.0,0.0
Andhra Pradesh,2019,600,0.71,0.0,0.0,0.0,0.0,0.0,0.0
Andhra Pradesh,2020,600,0.71,0.0,0.0,0.0,0.0,0.0,0.0
Andhra Pradesh,2021,600,0.71,0.0,0.0,0.0,0.0,0.0,0.0
Andhra Pradesh,2022,600,0.71,0.0,0.0,0.0,0.0,0.0,0.0
Andhra Pradesh,2023,600,0.71,0.0,0.0,0.0,0.0,0.0,0.0
Andhra Pradesh,2024,600,0.71,0.0,0.0,0.0,0.0,0.0,0.0
Arunachal Pradesh,2014,600,0.71,0.0,0.0,0.0,0.0,0.0,0.0
Arunachal Pradesh,2015,600,0.71,0.0,0.0,0.0,0.0,0.0,0.0
Arunachal Pradesh,2016,600,0.71,0.0,0.0,0.0,0.0,0.0,0.0
Arunachal Pradesh,2017,600,0.71,0.0,0.0,0.0,0.0,0.0,0.0
Arunachal Pradesh,2018,600,0.71,0.0,0.0,0.0,0.0,0.0,0.0
Arunachal Pradesh,2019,600,0.71,0.0,0.0,0.0,0.0,0.0,0.0
Arunachal Pradesh,2020,600,0.71,19.776679210039887,0.0,19.776679210039887,0.0,19.776679210039887,0.0
Arunachal Pradesh,2021,600,0.71,58.84873428284926,3.926460483929502,62.77519476677876,0.0,62.93170016353257,0.0
Arunachal Pradesh,2022,600,0.71,135.74476543361186,2.0556460090978312,137.8004114427097,0.0,137.8823477554667,0.0
Arunachal Pradesh,2023,600,0.71,191.63915966706745,74.8573538350597,266.4965135021272,0.0,269.48026436625696,0.0
Arunachal Pradesh,2024,600,0.71,259.39501932240063,22.219808901400608,281.6148282238012,0.0,282.5004910293078,0.0
Assam,2014,600,0.71,0.0,0.0,0.0,0.0,0.0,0.0
Assam,2015,600,0.71,0.0,0.0,0.0,0.0,0.0,0.0
Assam,2016,600,0.71,0.0,0.0,0.0,0.0,0.0,0.0
Assam,2017,600,0.71,0.0,0.0,0.0,0.0,0.0,0.0
Assam,2018,600,0.71,0.0,0.0,0.0,0.0,0.0,0.0
Assam,2019,600,0.71,0.0,0.0,0.0,0.0,0.0,0.0
Assam,2020,600,0.71,0.0,0.0,0.0,0.0,0.0,0.0
Assam,2021,600,0.71,0.0,0.0,0.0,0.0,0.0,0.0
Assam,2022,600,0.71,0.0,0.0,0.0,0.0,0.0,0.0
Assam,2023,600,0.71,0.0,0.0,0.0,0.0,0.0,0.0
Assam,2024,600,0.71,0.0,0.0,0.0,0.0,0.0,0.0
Bihar,2014,600,0.71,0.0,0.0,0.0,0.0,0.0,0.0
Bihar,2015,600,0.71,0.0,0.0,0.0,0.0,0.0,0.0
Bihar,2016,600,0.71,0.0,0.0,0.0,0.0,0.0,0.0
Bihar,2017,600,0.71,0.0,0.0,0.0,0.0,0.0,0.0
Bihar,2018,600,0.71,0.0,0.0,0.0,0.0,0.0,0.0
Bihar,2019,600,0.71,0.0,0.0,0.0,0.0,0.0,0.0
Bihar,2020,600,0.71,0.0,0.0,0.0,0.0,0.0,0.0
Bihar,2021,600,0.71,0.0,0.0,0.0,0.0,0.0,0.0
Bihar,2022,600,0.71,0.0,0.0,0.0,0.0,0.0,0.0
Bihar,2023,600,0.71,0.0,0.0,0.0,0.0,0.0,0.0
Bihar,2024,600,0.71,0.0,0.0,0.0,0.0,0.0,0.0
Chandigarh,2014,600,0.71,0.0,0.0,0.0,0.0,0.0,0.0
Chandigarh,2015,600,0.71,0.0,0.0,0.0,0.0,0.0,0.0
Chandigarh,2016,600,0.71,0.0,0.0,0.0,0.0,0.0,0.0
Chandigarh,2017,600,0.71,0.0,0.0,0.0,0.0,0.0,0.0
Chandigarh,2018,600,0.71,0.0,0.0,0.0,0.0,0.0,0.0
Chandigarh,2019,600,0.71,0.0,0.0,0.0,0.0,0.0,0.0
Chandigarh,2020,600,0.71,0.0,0.0,0.0,0.0,0.0,0.0
Chandigarh,2021,600,0.71,0.0,0.0,0.0,0.0,0.0,0.0
Chandigarh,2022,600,0.71,0.0,0.0,0.0,0.0,0.0,0.0
Chandigarh,2023,600,0.71,0.0,0.0,0.0,0.0,0.0,0.0
Chandigarh,2024,600,0.71,0.0,0.0,0.0,0.0,0.0,0.0
Chhattisgarh,2014,600,0.71,0.0,0.0,0.0,0.0,0.0,0.0
Chhattisgarh,2015,600,0.71,0.0,0.0,0.0,0.0,0.0,0.0
Chhattisgarh,2016,600,0.71,0.0,0.0,0.0,0.0,0.0,0.0
Chhattisgarh,2017,600,0.71,0.0,0.0,0.0,0.0,0.0,0.0
Chhattisgarh,2018,600,0.71,0.0,0.0,0.0,0.0,0.0,0.0
Chhattisgarh,2019,600,0.71,0.0,0.0,0.0,0.0,0.0,0.0
Chhattisgarh,2020,600,0.71,0.0,0.0,0.0,0.0,0.0,0.0
Chhattisgarh,2021,600,0.71,0.0,0.0,0.0,0.0,0.0,0.0
Chhattisgarh,2022,600,0.71,0.0,0.0,0.0,0.0,0.0,0.0
Chhattisgarh,2023,600,0.71,0.0,0.0,0.0,0.0,0.0,0.0
Chhattisgarh,2024,600,0.71,0.0,0.0,0.0,0.0,0.0,0.0
Dadra and Nagar Haveli and Daman and Diu,2014,600,0.71,0.0,0.0,0.0,0.0,0.0,0.0
Dadra and Nagar Haveli and Daman and Diu,2015,600,0.71,0.0,0.0,0.0,0.0,0.0,0.0
Dadra and Nagar Haveli and Daman and Diu,2016,600,0.71,0.0,0.0,0.0,0.0,0.0,0.0
Dadra and Nagar Haveli and Daman and Diu,2017,600,0.71,0.0,0.0,0.0,0.0,0.0,0.0
Dadra and Nagar Haveli and Daman and Diu,2018,600,0.71,0.0,0.0,0.0,0.0,0.0,0.0
Dadra and Nagar Haveli and Daman and Diu,2019,600,0.71,0.0,0.0,0.0,0.0,0.0,0.0
Dadra and Nagar Haveli and Daman and Diu,2020,600,0.71,0.0,0.0,0.0,0.0,0.0,0.0
Dadra and Nagar Haveli and Daman and Diu,2021,600,0.71,0.0,0.0,0.0,0.0,0.0,0.0
Dadra and Nagar Haveli and Daman and Diu,2022,600,0.71,0.0,0.0,0.0,0.0,0.0,0.0
Dadra and Nagar Haveli and Daman and Diu,2023,600,0.71,0.0,0.0,0.0,0.0,0.0,0.0
Dadra and Nagar Haveli and Daman and Diu,2024,600,0.71,0.0,0.0,0.0,0.0,0.0,0.0
Delhi,2014,600,0.71,0.0,0.0,0.0,0.0,0.0,0.0
Delhi,2015,600,0.71,0.0,0.0,0.0,0.0,0.0,0.0
Delhi,2016,600,0.71,0.0,0.0,0.0,0.0,0.0,0.0
Delhi,2017,600,0.71,0.0,0.0,0.0,0.0,0.0,0.0
Delhi,2018,600,0.71,0.0,0.0,0.0,0.0,0.0,0.0
Delhi,2019,600,0.71,0.0,0.0,0.0,0.0,0.0,0.0
Delhi,2020,600,0.71,0.0,0.0,0.0,0.0,0.0,0.0
Delhi,2021,600,0.71,0.0,0.0,0.0,0.0,0.0,0.0
Delhi,2022,600,0.71,0.0,0.0,0.0,0.0,0.0,0.0
Delhi,2023,600,0.71,0.0,0.0,0.0,0.0,0.0,0.0
Delhi,2024,600,0.71,0.0,0.0,0.0,0.0,0.0,0.0
Goa,2014,600,0.71,0.0,0.0,0.0,0.0,0.0,0.0
Goa,2015,600,0.71,0.0,0.0,0.0,0.0,0.0,0.0
Goa,2016,600,0.71,0.0,0.0,0.0,0.0,0.0,0.0
Goa,2017,600,0.71,0.0,0.0,0.0,0.0,0.0,0.0
Goa,2018,600,0.71,0.0,0.0,0.0,0.0,0.0,0.0
Goa,2019,600,0.71,0.0,0.0,0.0,0.0,0.0,0.0
Goa,2020,600,0.71,27.42000583714369,0.0,27.42000583714369,0.8825127303921221,26.53749310675157,0.8825127303921221
Goa,2021,600,0.71,81.59269917899375,5.443966008914387,87.03666518790814,1.8162074586112322,85.43744961387758,1.8162074586112322
Goa,2022,600,0.71,188.20764704833536,2.85011578384448,191.05776283217983,8.723751246239127,182.44761479253617,8.723751246239127
Goa,2023,600,0.71,265.7042075106654,103.7883588701001,369.4925663807656,14.291243126833832,359.33823953002155,14.291243126833832
Goa,2024,600,0.71,359.6464739305381,30.80736069518282,390.4538346257209,19.297949651583675,372.3838403370579,19.297949651583675
Gujarat,2014,600,0.71,0.0,0.0,0.0,0.0,0.0,0.0
Gujarat,2015,600,0.71,0.0,0.0,0.0,0.0,0.0,0.0
Gujarat,2016,600,0.71,0.0,0.0,0.0,0.0,0.0,0.0
Gujarat,2017,600,0.71,0.0,0.0,0.0,0.0,0.0,0.0
Gujarat,2018,600,0.71,0.0,0.0,0.0,0.0,0.0,0.0
Gujarat,2019,600,0.71,0.0,0.0,0.0,0.0,0.0,0.0
Gujarat,2020,600,0.71,6702.169201751144,0.0,6702.169201751144,772.2011590221562,5929.968042728988,772.2011590221562
Gujarat,2021,600,0.71,19943.397487699523,1330.64819668641,21274.04568438593,2424.9431706729392,18902.14102634148,2424.9431706729392
Gujarat,2022,600,0.71,46002.88938934817,696.6431131109166,46699.532502459086,5772.887837646017,40954.41227058918,5772.887837646017
Gujarat,2023,600,0.71,64945.08305105378,25368.59935227281,90313.6824033266,8447.64850764007,82877.20482761513,8447.64850764007
Gujarat,2024,600,0.71,87907.0389485642,7530.127647120928,95437.16659568512,11161.262746103757,84576.04837410744,11161.262746103757
Haryana,2014,600,0.71,0.0,0.0,0.0,0.0,0.0,0.0
Haryana,2015,600,0.71,0.0,0.0,0.0,0.0,0.0,0.0
Haryana,2016,600,0.71,0.0,0.0,0.0,0.0,0.0,0.0
Haryana,2017,600,0.71,0.0,0.0,0.0,0.0,0.0,0.0
Haryana,2018,600,0.71,0.0,0.0,0.0,0.0,0.0,0.0
Haryana,2019,600,0.71,0.0,0.0,0.0,0.0,0.0,0.0
Haryana,2020,600,0.71,5383.6782210720885,0.0,5383.6782210720885,1953.5490587112172,3430.1291623608713,1953.5490587112172
Haryana,2021,600,0.71,16020.012547677608,1068.875091147762,17088.88763882537,5896.5803346233215,11234.911762060474,5896.5803346233215
Haryana,2022,600,0.71,36952.92468102898,559.595295644755,37512.51997667374,12258.02088718499,25276.804085075717,12258.02088718499
Haryana,2023,600,0.71,52168.69623290344,20377.936116004043,72546.63234890747,17823.167227052374,55535.71243464794,17823.167227052374
Haryana,2024,600,0.71,70613.43824961428,6048.755708093064,76662.19395770735,22485.822977462394,54417.469271145004,22485.822977462394
Himachal Pradesh,2014,600,0.71,0.0,0.0,0.0,0.0,0.0,0.0
Himachal Pradesh,2015,600,0.71,0.0,0.0,0.0,0.0,0.0,0.0
Himachal Pradesh,2016,600,0.71,0.0,0.0,0.0,0.0,0.0,0.0
Himachal Pradesh,2017,600,0.71,0.0,0.0,0.0,0.0,0.0,0.0
Himachal Pradesh,2018,600,0.71,0.0,0.0,0.0,0.0,0.0,0.0
Himachal Pradesh,2019,600,0.71,0.0,0.0,0.0,0.0,0.0,0.0
Himachal Pradesh,2020,600,0.71,32.869731997276,0.0,32.869731997276,3.1288758277775433,29.740856169498457,3.1288758277775433
Himachal Pradesh,2021,600,0.71,97.80924814081877,6.5259542531861205,104.33520239400488,8.95986245834247,95.63545895730348,8.95986245834247
Himachal Pradesh,2022,600,0.71,225.613916899192,3.4165762958835697,229.0304931950756,20.074382592745348,209.09229244623657,20.074382592745348
Himachal Pradesh,2023,600,0.71,318.51291875341013,124.4162951955325,442.9292139489426,28.01826804189553,419.8700742930099,28.01826804189553
Himachal Pradesh,2024,600,0.71,431.12621062423256,36.9303236333504,468.0565342575829,35.82599914006017,433.7025466088239,35.82599914006017
Jammu and Kashmir,2014,600,0.71,0.0,0.0,0.0,0.0,0.0,0.0
Jammu and Kashmir,2015,600,0.71,0.0,0.0,0.0,0.0,0.0,0.0
Jammu and Kashmir,2016,600,0.71,0.0,0.0,0.0,0.0,0.0,0.0
Jammu and Kashmir,2017,600,0.71,0.0,0.0,0.0,0.0,0.0,0.0
Jammu and Kashmir,2018,600,0.71,0.0,0.0,0.0,0.0,0.0,0.0
Jammu and Kashmir,2019,600,0.71,0.0,0.0,0.0,0.0,0.0,0.0
Jammu and Kashmir,2020,600,0.71,99.0547710866816,0.0,99.0547710866816,5.192090275455328,93.86268081122627,5.192090275455328
Jammu and Kashmir,2021,600,0.71,294.75362578411494,19.666327207203224,314.41995299131816,15.47526175060523,299.7285744237606,15.47526175060523
Jammu and Kashmir,2022,600,0.71,679.9001249621115,10.29604326913818,690.1961682312497,39.30233315644199,651.304226658634,39.30233315644199
Jammu and Kashmir,2023,600,0.71,959.8564496322788,374.9354464182366,1334.791896050515,58.464024438728615,1291.2724816591615,58.464024438728615
Jammu and Kashmir,2024,600,0.71,1299.2228870740691,111.29159051134792,1410.5144775854171,67.79678850424223,1347.153677829726,67.79678850424223
Jharkhand,2014,600,0.71,0.0,0.0,0.0,0.0,0.0,0.0
Jharkhand,2015,600,0.71,0.0,0.0,0.0,0.0,0.0,0.0
Jharkhand,2016,600,0.71,0.0,0.0,0.0,0.0,0.0,0.0
Jharkhand,2017,600,0.71,0.0,0.0,0.0,0.0,0.0,0.0
Jharkhand,2018,600,0.71,0.0,0.0,0.0,0.0,0.0,0.0
Jharkhand,2019,600,0.71,0.0,0.0,0.0,0.0,0.0,0.0
Jharkhand,2020,600,0.71,1215.3574837240976,0.0,1215.3574837240976,104.61743873918913,1110.7400449849085,104.61743873918913
Jharkhand,2021,600,0.71,3616.494400234925,241.2969883876191,3857.791388622544,364.0565242151436,3503.352758451583,364.0565242151436
Jharkhand,2022,600,0.71,8342.068695858654,126.32781947417676,8468.39651533283,634.6386468671627,7838.793188594005,634.6386468671627
Jharkhand,2023,600,0.71,11777.006867650856,4600.2892714686,16377.296139119457,930.1541356621138,15630.505646249681,930.1541356621138
Jharkhand,2024,600,0.71,15940.88039887869,1365.4977536131096,17306.378152491798,1173.4563987418016,16187.349340267252,1173.4563987418016
Karnataka,2014,600,0.71,0.0,0.0,0.0,0.0,0.0,0.0
Karnataka,2015,600,0.71,0.0,0.0,0.0,0.0,0.0,0.0
Karnataka,2016,600,0.71,0.0,0.0,0.0,0.0,0.0,0.0
Karnataka,2017,600,0.71,0.0,0.0,0.0,0.0,0.0,0.0
Karnataka,2018,600,0.71,0.0,0.0,0.0,0.0,0.0,0.0
Karnataka,2019,600,0.71,0.0,0.0,0.0,0.0,0.0,0.0
Karnataka,2020,600,0.71,814.4084483704642,0.0,814.4084483704642,131.59207820651207,682.8163701639521,131.59207820651207
Karnataka,2021,600,0.71,2423.4051564900883,161.69259542226845,2585.0977519123567,396.31065042226965,2195.232031701989,396.31065042226965
Karnataka,2022,600,0.71,5590.002376894371,84.65200142491085,5674.654378319282,979.0295991628499,4698.998936396326,979.0295991628499
Karnataka,2023,600,0.71,7891.747093326151,3082.643993890561,10974.391087216713,1316.1083495019693,9781.154322259958,1316.1083495019693
Karnataka,2024,600,0.71,10681.949833829398,915.0171218477988,11596.966955677197,1712.2643239623742,9921.17444093777,1712.2643239623742
Kerala,2014,600,0.71,0.0,0.0,0.0,0.0,0.0,0.0
Kerala,2015,600,0.71,0.0,0.0,0.0,0.0,0.0,0.0
Kerala,2016,600,0.71,0.0,0.0,0.0,0.0,0.0,0.0
Kerala,2017,600,0.71,0.0,0.0,0.0,0.0,0.0,0.0
Kerala,2018,600,0.71,0.0,0.0,0.0,0.0,0.0,0.0
Kerala,2019,600,0.71,0.0,0.0,0.0,0.0,0.0,0.0
Kerala,2020,600,0.71,451.4361211012745,0.0,451.4361211012745,52.641880731349545,398.794240369925,52.641880731349545
Kerala,2021,600,0.71,1343.3218011081583,89.62809537926424,1432.9498964874228,164.1903897376074,1272.3320068895805,164.1903897376074
Kerala,2022,600,0.71,3098.603649092031,46.923593736269545,3145.5272428283006,388.4212954182479,2758.976282202639,388.4212954182479
Kerala,2023,600,0.71,4374.487646403718,1708.7455933476106,6083.233239751328,600.6050827002501,5550.737312391554,600.6050827002501
Kerala,2024,600,0.71,5921.1296351738965,507.204684645316,6428.334319819212,745.8227737682804,5702.728296157217,745.8227737682804
Ladakh,2014,600,0.71,0.0,0.0,0.0,0.0,0.0,0.0
Ladakh,2015,600,0.71,0.0,0.0,0.0,0.0,0.0,0.0
Ladakh,2016,600,0.71,0.0,0.0,0.0,0.0,0.0,0.0
Ladakh,2017,600,0.71,0.0,0.0,0.0,0.0,0.0,0.0
Ladakh,2018,600,0.71,0.0,0.0,0.0,0.0,0.0,0.0
Ladakh,2019,600,0.71,0.0,0.0,0.0,0.0,0.0,0.0
Ladakh,2020,600,0.71,0.0,0.0,0.0,0.0,0.0,0.0
Ladakh,2021,600,0.71,0.0,0.0,0.0,0.0,0.0,0.0
Ladakh,2022,600,0.71,0.0,0.0,0.0,0.0,0.0,0.0
Ladakh,2023,600,0.71,0.0,0.0,0.0,0.0,0.0,0.0
Ladakh,2024,600,0.71,0.0,0.0,0.0,0.0,0.0,0.0
Lakshadweep,2014,600,0.71,0.0,0.0,0.0,0.0,0.0,0.0
Lakshadweep,2015,600,0.71,0.0,0.0,0.0,0.0,0.0,0.0
Lakshadweep,2016,600,0.71,0.0,0.0,0.0,0.0,0.0,0.0
Lakshadweep,2017,600,0.71,0.0,0.0,0.0,0.0,0.0,0.0
Lakshadweep,2018,600,0.71,0.0,0.0,0.0,0.0,0.0,0.0
Lakshadweep,2019,600,0.71,0.0,0.0,0.0,0.0,0.0,0.0
Lakshadweep,2020,600,0.71,0.0,0.0,0.0,0.0,0.0,0.0
Lakshadweep,2021,600,0.71,0.0,0.0,0.0,0.0,0.0,0.0
Lakshadweep,2022,600,0.71,0.0,0.0,0.0,0.0,0.0,0.0
Lakshadweep,2023,600,0.71,0.0,0.0,0.0,0.0,0.0,0.0
Lakshadweep,2024,600,0.71,0.0,0.0,0.0,0.0,0.0,0.0
Madhya Pradesh,2014,600,0.71,0.0,0.0,0.0,0.0,0.0,0.0
Madhya Pradesh,2015,600,0.71,0.0,0.0,0.0,0.0,0.0,0.0
Madhya Pradesh,2016,600,0.71,0.0,0.0,0.0,0.0,0.0,0.0
Madhya Pradesh,2017,600,0.71,0.0,0.0,0.0,0.0,0.0,0.0
Madhya Pradesh,2018,600,0.71,0.0,0.0,0.0,0.0,0.0,0.0
Madhya Pradesh,2019,600,0.71,0.0,0.0,0.0,0.0,0.0,0.0
Madhya Pradesh,2020,600,0.71,810.2954474948924,0.0,810.2954474948924,113.0621414389644,697.233306055928,113.0621414389644
Madhya Pradesh,2021,600,0.71,2411.1662516132387,160.87600052093126,2572.0422521341698,341.82239054760976,2236.6322430157747,341.82239054760976
Madhya Pradesh,2022,600,0.71,5561.77122983712,84.22448405733417,5645.995713894454,797.0912769354502,4852.261553717909,797.0912769354502
Madhya Pradesh,2023,600,0.71,7851.891462199551,3067.075740060046,10918.967202259597,1161.0454274237757,9880.172821939625,1161.0454274237757
Madhya Pradesh,2024,600,0.71,10628.002862739811,910.3960177435212,11538.398880483335,1453.6999748169158,10120.986521584928,1453.6999748169158
Maharashtra,2014,600,0.71,0.0,0.0,0.0,0.0,0.0,0.0
Maharashtra,2015,600,0.71,0.0,0.0,0.0,0.0,0.0,0.0
Maharashtra,2016,600,0.71,0.0,0.0,0.0,0.0,0.0,0.0
Maharashtra,2017,600,0.71,0.0,0.0,0.0,0.0,0.0,0.0
Maharashtra,2018,600,0.71,0.0,0.0,0.0,0.0,0.0,0.0
Maharashtra,2019,600,0.71,0.0,0.0,0.0,0.0,0.0,0.0
Maharashtra,2020,600,0.71,24918.58152964296,0.0,24918.58152964296,1596.1617456789713,23322.41978396399,1596.1617456789713
Maharashtra,2021,600,0.71,74149.30320551609,4947.333404793661,79096.63661030975,4800.825971453702,74493.007167526,4800.825971453702
Maharashtra,2022,600,0.71,171038.16918679216,2590.110408818537,173628.2795956107,10652.538129646446,163078.98107803406,10652.538129646446
Maharashtra,2023,600,0.71,241465.0090502456,94320.13609672664,335785.1451469722,32714.903169743215,306829.76289488724,32714.903169743215
Maharashtra,2024,600,0.71,326837.27478813234,27996.9207065639,354834.19549469627,40563.53291684268,315386.5961778476,40563.53291684268
Manipur,2014,600,0.71,0.0,0.0,0.0,0.0,0.0,0.0
Manipur,2015,600,0.71,0.0,0.0,0.0,0.0,0.0,0.0
Manipur,2016,600,0.71,0.0,0.0,0.0,0.0,0.0,0.0
Manipur,2017,600,0.71,0.0,0.0,0.0,0.0,0.0,0.0
Manipur,2018,600,0.71,0.0,0.0,0.0,0.0,0.0,0.0
Manipur,2019,600,0.71,0.0,0.0,0.0,0.0,0.0,0.0
Manipur,2020,600,0.71,2.67345056912151,0.0,2.67345056912151,0.09830003586258518,2.575150533258925,0.09830003586258518
Manipur,2021,600,0.71,7.955288169951891,0.5307866858691528,8.486074855821045,0.2666073835421032,8.240624181025556,0.2666073835421032
Manipur,2022,600,0.71,18.350245587212697,0.2778862889248367,18.62813187613753,0.5483638402227089,18.09084434855789,0.5483638402227089
Manipur,2023,600,0.71,25.90616023228988,10.11936498983476,36.02552522212464,0.8150422349475307,35.613832324095874,0.8150422349475307
Manipur,2024,600,0.71,35.06553120822747,3.003717667780325,38.06924887600779,1.0265986965459453,37.162375827346615,1.0265986965459453
Meghalaya,2014,600,0.71,0.0,0.0,0.0,0.0,0.0,0.0
Meghalaya,2015,600,0.71,0.0,0.0,0.0,0.0,0.0,0.0
Meghalaya,2016,600,0.71,0.0,0.0,0.0,0.0,0.0,0.0
Meghalaya,2017,600,0.71,0.0,0.0,0.0,0.0,0.0,0.0
Meghalaya,2018,600,0.71,0.0,0.0,0.0,0.0,0.0,0.0
Meghalaya,2019,600,0.71,0.0,0.0,0.0,0.0,0.0,0.0
Meghalaya,2020,600,0.71,3.3589507150501023,0.0,3.3589507150501023,0.1029976890071145,3.2559530260429876,0.1029976890071145
Meghalaya,2021,600,0.71,9.995105649426735,0.6668858360920125,10.661991485518747,0.2991559772648613,10.389417014115018,0.2991559772648613
Meghalaya,2022,600,0.71,23.05543676342108,0.3491391835209487,23.404575946942032,0.6889699531003265,22.729522386649645,0.6889699531003265
Meghalaya,2023,600,0.71,32.54876542005652,12.714073961587266,45.262839381643786,1.024027423395616,44.74558420206918,1.024027423395616
Meghalaya,2024,600,0.71,44.05669305649093,3.773901685159895,47.83059474165082,1.2898291315577266,46.69119014205088,1.2898291315577266
Mizoram,2014,600,0.71,0.0,0.0,0.0,0.0,0.0,0.0
Mizoram,2015,600,0.71,0.0,0.0,0.0,0.0,0.0,0.0
Mizoram,2016,600,0.71,0.0,0.0,0.0,0.0,0.0,0.0
Mizoram,2017,600,0.71,0.0,0.0,0.0,0.0,0.0,0.0
Mizoram,2018,600,0.71,0.0,0.0,0.0,0.0,0.0,0.0
Mizoram,2019,600,0.71,0.0,0.0,0.0,0.0,0.0,0.0
Mizoram,2020,600,0.71,1.3710002918571846,0.0,1.3710002918571846,0.055524360650735585,1.315475931206449,0.055524360650735585
Mizoram,2021,600,0.71,4.079634958949687,0.2721983004457193,4.351833259395407,0.16759438502233126,4.195088468602108,0.16759438502233126
Mizoram,2022,600,0.71,9.410382352416768,0.1425057891922239,9.552888141608992,0.37494963434031375,9.183618667598454,0.37494963434031375
Mizoram,2023,600,0.71,13.285210375533271,5.189417943505005,18.47462831903828,0.41797037689616967,18.263503755946605,0.41797037689616967
Mizoram,2024,600,0.71,17.9823236965269,1.5403680347591406,19.52269173128604,0.5264608700235617,19.057628629408512,0.5264608700235617
Nagaland,2014,600,0.71,0.0,0.0,0.0,0.0,0.0,0.0
Nagaland,2015,600,0.71,0.0,0.0,0.0,0.0,0.0,0.0
Nagaland,2016,600,0.71,0.0,0.0,0.0,0.0,0.0,0.0
Nagaland,2017,600,0.71,0.0,0.0,0.0,0.0,0.0,0.0
Nagaland,2018,600,0.71,0.0,0.0,0.0,0.0,0.0,0.0
Nagaland,2019,600,0.71,0.0,0.0,0.0,0.0,0.0,0.0
Nagaland,2020,600,0.71,2.227875474267925,0.0,2.227875474267925,0.06996422351064617,2.157911250757279,0.06996422351064617
Nagaland,2021,600,0.71,6.629406808293243,0.442322238224294,7.071729046517538,0.08481802695383343,7.004541610185884,0.08481802695383343
Nagaland,2022,600,0.71,15.291871322677247,0.231571907437364,15.523443230114612,0.4569698668522575,15.075703623798237,0.4569698668522575
Nagaland,2023,600,0.71,21.588466860241567,8.432804158195633,30.0212710184372,0.6792018624562757,29.67819360341323,0.6792018624562757
Nagaland,2024,600,0.71,29.221276006856225,2.503098056483604,31.72437406333983,0.8554989137882878,30.968646522788845,0.8554989137882878
Odisha,2014,600,0.71,0.0,0.0,0.0,0.0,0.0,0.0
Odisha,2015,600,0.71,0.0,0.0,0.0,0.0,0.0,0.0
Odisha,2016,600,0.71,0.0,0.0,0.0,0.0,0.0,0.0
Odisha,2017,600,0.71,0.0,0.0,0.0,0.0,0.0,0.0
Odisha,2018,600,0.71,0.0,0.0,0.0,0.0,0.0,0.0
Odisha,2019,600,0.71,0.0,0.0,0.0,0.0,0.0,0.0
Odisha,2020,600,0.71,195.9159417063917,0.0,195.9159417063917,18.96298872800953,176.95295297838217,18.96298872800953
Odisha,2021,600,0.71,582.9798356339104,38.8971371336933,621.8769727676037,59.05029659129446,564.3770831916381,59.05029659129446
Odisha,2022,600,0.71,1344.7436381603563,20.364077275568807,1365.1077154359252,144.41928864247424,1221.5001217045758,144.41928864247424
Odisha,2023,600,0.71,1898.4565626637043,741.5678241268653,2640.0243867905697,221.375736364206,2448.206917219026,221.375736364206
Odisha,2024,600,0.71,2569.6740562336954,220.11859216708123,2789.7926484007767,290.2722871264542,2508.294102342391,290.2722871264542
Puducherry,2014,600,0.71,0.0,0.0,0.0,0.0,0.0,0.0
Puducherry,2015,600,0.71,0.0,0.0,0.0,0.0,0.0,0.0
Puducherry,2016,600,0.71,0.0,0.0,0.0,0.0,0.0,0.0
Puducherry,2017,600,0.71,0.0,0.0,0.0,0.0,0.0,0.0
Puducherry,2018,600,0.71,0.0,0.0,0.0,0.0,0.0,0.0
Puducherry,2019,600,0.71,0.0,0.0,0.0,0.0,0.0,0.0
Puducherry,2020,600,0.71,0.0,0.0,0.0,0.0,0.0,0.0
Puducherry,2021,600,0.71,0.0,0.0,0.0,0.0,0.0,0.0
Puducherry,2022,600,0.71,0.0,0.0,0.0,0.0,0.0,0.0
Puducherry,2023,600,0.71,0.0,0.0,0.0,0.0,0.0,0.0
Puducherry,2024,600,0.71,0.0,0.0,0.0,0.0,0.0,0.0
Punjab,2014,600,0.71,0.0,0.0,0.0,0.0,0.0,0.0
Punjab,2015,600,0.71,0.0,0.0,0.0,0.0,0.0,0.0
Punjab,2016,600,0.71,0.0,0.0,0.0,0.0,0.0,0.0
Punjab,2017,600,0.71,0.0,0.0,0.0,0.0,0.0,0.0
Punjab,2018,600,0.71,0.0,0.0,0.0,0.0,0.0,0.0
Punjab,2019,600,0.71,0.0,0.0,0.0,0.0,0.0,0.0
Punjab,2020,600,0.71,514.981984628855,0.0,514.981984628855,206.60319456230863,308.37879006654634,206.60319456230863
Punjab,2021,600,0.71,1532.4128814554765,102.24448660492334,1634.6573680604,621.6449587203809,1017.0877881722996,621.6449587203809
Punjab,2022,600,0.71,3534.774871126549,53.528737065329125,3588.303608191878,1393.4694704414226,2196.967747974327,1393.4694704414226
Punjab,2023,600,0.71,4990.257147309684,1949.275115029068,6939.532262338752,2056.827209061528,4960.401512087537,2056.827209061528
Punjab,2024,600,0.71,6754.6103385079205,578.6007430564024,7333.211081564323,2481.7067962519136,4874.566821972263,2481.7067962519136
Rajasthan,2014,600,0.71,0.0,0.0,0.0,0.0,0.0,0.0
Rajasthan,2015,600,0.71,0.0,0.0,0.0,0.0,0.0,0.0
Rajasthan,2016,600,0.71,0.0,0.0,0.0,0.0,0.0,0.0
Rajasthan,2017,600,0.71,0.0,0.0,0.0,0.0,0.0,0.0
Rajasthan,2018,600,0.71,0.0,0.0,0.0,0.0,0.0,0.0
Rajasthan,2019,600,0.71,0.0,0.0,0.0,0.0,0.0,0.0
Rajasthan,2020,600,0.71,5343.782112579045,0.0,5343.782112579045,1793.5043034496218,3550.277809129423,1793.5043034496218
Rajasthan,2021,600,0.71,15901.295170372174,1060.9541206047911,16962.249290976964,5503.5422638465825,11500.995761796741,5503.5422638465825
Rajasthan,2022,600,0.71,36679.08255457365,555.4483771792612,37234.5309317529,13181.6656414279,24075.00499324638,13181.6656414279
Rajasthan,2023,600,0.71,51782.096610975415,20226.924053848048,72009.02066482346,19389.296302462375,53425.95246197222,19389.296302462375
Rajasthan,2024,600,0.71,70090.15263004534,6003.930998281572,76094.08362832692,24601.01393877139,51732.38130540252,24601.01393877139
Sikkim,2014,600,0.71,0.0,0.0,0.0,0.0,0.0,0.0
Sikkim,2015,600,0.71,0.0,0.0,0.0,0.0,0.0,0.0
Sikkim,2016,600,0.71,0.0,0.0,0.0,0.0,0.0,0.0
Sikkim,2017,600,0.71,0.0,0.0,0.0,0.0,0.0,0.0
Sikkim,2018,600,0.71,0.0,0.0,0.0,0.0,0.0,0.0
Sikkim,2019,600,0.71,0.0,0.0,0.0,0.0,0.0,0.0
Sikkim,2020,600,0.71,0.0,0.0,0.0,0.0,0.0,0.0
Sikkim,2021,600,0.71,0.0,0.0,0.0,0.0,0.0,0.0
Sikkim,2022,600,0.71,0.0,0.0,0.0,0.0,0.0,0.0
Sikkim,2023,600,0.71,0.0,0.0,0.0,0.0,0.0,0.0
Sikkim,2024,600,0.71,0.0,0.0,0.0,0.0,0.0,0.0
Tamil Nadu,2014,600,0.71,0.0,0.0,0.0,0.0,0.0,0.0
Tamil Nadu,2015,600,0.71,0.0,0.0,0.0,0.0,0.0,0.0
Tamil Nadu,2016,600,0.71,0.0,0.0,0.0,0.0,0.0,0.0
Tamil Nadu,2017,600,0.71,0.0,0.0,0.0,0.0,0.0,0.0
Tamil Nadu,2018,600,0.71,0.0,0.0,0.0,0.0,0.0,0.0
Tamil Nadu,2019,600,0.71,0.0,0.0,0.0,0.0,0.0,0.0
Tamil Nadu,2020,600,0.71,143.5094555501508,0.0,143.5094555501508,27.70650035909166,115.80295519105913,27.70650035909166
Tamil Nadu,2021,600,0.71,427.0357893280587,28.49235709915568,455.5281464272144,88.65171720331998,368.0121104998185,88.65171720331998
Tamil Nadu,2022,600,0.71,985.0317727392252,14.916793483696049,999.9485662229212,180.22591503103536,820.317221974405,180.22591503103536
Tamil Nadu,2023,600,0.71,1390.629396058945,543.2023232363864,1933.831719295332,258.6912037192592,1696.792101136058,258.6912037192592
Tamil Nadu,2024,600,0.71,1882.299732933954,161.23802403841307,2043.537756972368,327.38139775737073,1722.5831705956823,327.38139775737073
Telangana,2014,600,0.71,0.0,0.0,0.0,0.0,0.0,0.0
Telangana,2015,600,0.71,0.0,0.0,0.0,0.0,0.0,0.0
Telangana,2016,600,0.71,0.0,0.0,0.0,0.0,0.0,0.0
Telangana,2017,600,0.71,0.0,0.0,0.0,0.0,0.0,0.0
Telangana,2018,600,0.71,0.0,0.0,0.0,0.0,0.0,0.0
Telangana,2019,600,0.71,0.0,0.0,0.0,0.0,0.0,0.0
Telangana,2020,600,0.71,0.0,0.0,0.0,0.0,0.0,0.0
Telangana,2021,600,0.71,0.0,0.0,0.0,0.0,0.0,0.0
Telangana,2022,600,0.71,0.0,0.0,0.0,0.0,0.0,0.0
Telangana,2023,600,0.71,0.0,0.0,0.0,0.0,0.0,0.0
Telangana,2024,600,0.71,0.0,0.0,0.0,0.0,0.0,0.0
Tripura,2014,600,0.71,0.0,0.0,0.0,0.0,0.0,0.0
Tripura,2015,600,0.71,0.0,0.0,0.0,0.0,0.0,0.0
Tripura,2016,600,0.71,0.0,0.0,0.0,0.0,0.0,0.0
Tripura,2017,600,0.71,0.0,0.0,0.0,0.0,0.0,0.0
Tripura,2018,600,0.71,0.0,0.0,0.0,0.0,0.0,0.0
Tripura,2019,600,0.71,0.0,0.0,0.0,0.0,0.0,0.0
Tripura,2020,600,0.71,180.14943835003405,0.0,180.14943835003405,5.471925742129993,174.67751260790405,5.471925742129993
Tripura,2021,600,0.71,536.0640336059889,35.76685667856753,571.8308902845564,16.33291079235129,556.9236161739002,16.33291079235129
Tripura,2022,600,0.71,1236.5242411075633,18.72526069985823,1255.2495018074214,36.95128646423792,1219.0445884105159,36.95128646423792
Tripura,2023,600,0.71,1745.6766433450716,681.8895177765578,2427.566161121629,54.92130752415669,2399.824393531383,54.92130752415669
Tripura,2024,600,0.71,2362.877333723636,202.4043597673512,2565.281693490987,69.17695832109601,2504.17240190428,69.17695832109601
Uttar Pradesh,2014,600,0.71,0.0,0.0,0.0,0.0,0.0,0.0
Uttar Pradesh,2015,600,0.71,0.0,0.0,0.0,0.0,0.0,0.0
Uttar Pradesh,2016,600,0.71,0.0,0.0,0.0,0.0,0.0,0.0
Uttar Pradesh,2017,600,0.71,0.0,0.0,0.0,0.0,0.0,0.0
Uttar Pradesh,2018,600,0.71,0.0,0.0,0.0,0.0,0.0,0.0
Uttar Pradesh,2019,600,0.71,0.0,0.0,0.0,0.0,0.0,0.0
Uttar Pradesh,2020,600,0.71,2413.234713727016,0.0,2413.234713727016,423.6610078991361,1989.5737058278796,423.6610078991361
Uttar Pradesh,2021,600,0.71,7180.97345474324,479.1234484445552,7660.096903187795,1243.7151364935876,6435.479222456153,1243.7151364935876
Uttar Pradesh,2022,600,0.71,16564.155016723995,250.83869013615265,16814.993706860147,2877.5782830809712,13947.413641991645,2877.5782830809712
Uttar Pradesh,2023,600,0.71,23384.627303013665,9134.413464157513,32519.04076717118,4164.715418121461,28718.415350508392,4164.715418121461
Uttar Pradesh,2024,600,0.71,31652.486170626664,2711.35581478304,34363.8419854097,5222.748322369608,29249.166014530743,5222.748322369608
Uttarakhand,2014,600,0.71,0.0,0.0,0.0,0.0,0.0,0.0
Uttarakhand,2015,600,0.71,0.0,0.0,0.0,0.0,0.0,0.0
Uttarakhand,2016,600,0.71,0.0,0.0,0.0,0.0,0.0,0.0
Uttarakhand,2017,600,0.71,0.0,0.0,0.0,0.0,0.0,0.0
Uttarakhand,2018,600,0.71,0.0,0.0,0.0,0.0,0.0,0.0
Uttarakhand,2019,600,0.71,0.0,0.0,0.0,0.0,0.0,0.0
Uttarakhand,2020,600,0.71,46.853934974219285,0.0,46.853934974219285,5.5345634540012805,41.319371520218006,5.5345634540012805
Uttarakhand,2021,600,0.71,139.42152472210557,9.30237691773246,148.72390163983803,16.3423290561625,132.75235746645276,16.3423290561625
Uttarakhand,2022,600,0.71,321.59981689384307,4.870135345644254,326.4699522394873,37.29222969073241,289.37184202802496,37.29222969073241
Uttarakhand,2023,600,0.71,454.0220645838496,177.34835821928357,631.3704228031331,59.067765929340084,579.3716125605616,59.067765929340084
Uttarakhand,2024,600,0.71,614.545912328807,52.642077587893645,667.1879899167006,77.06247875822213,592.2237798848693,77.06247875822213
West Bengal,2014,600,0.71,0.0,0.0,0.0,0.0,0.0,0.0
West Bengal,2015,600,0.71,0.0,0.0,0.0,0.0,0.0,0.0
West Bengal,2016,600,0.71,0.0,0.0,0.0,0.0,0.0,0.0
West Bengal,2017,600,0.71,0.0,0.0,0.0,0.0,0.0,0.0
West Bengal,2018,600,0.71,0.0,0.0,0.0,0.0,0.0,0.0
West Bengal,2019,600,0.71,0.0,0.0,0.0,0.0,0.0,0.0
West Bengal,2020,600,0.71,0.6855001459285923,0.0,0.6855001459285923,0.061853635282017635,0.6236465106465747,0.061853635282017635
West Bengal,2021,600,0.71,2.039817479474844,0.1360991502228596,2.175916629697704,0.18663894196139003,1.99470248485083,0.18663894196139003
West Bengal,2022,600,0.71,4.705191176208384,0.0712528945961119,4.776444070804496,0.43463083769755817,4.3446533132718255,0.43463083769755817
West Bengal,2023,600,0.71,6.642605187766636,2.5947089717525027,9.23731415951914,0.7491701035486947,8.591566962872692,0.7491701035486947
West Bengal,2024,600,0.71,8.99116184826345,0.7701840173795703,9.76134586564302,0.9608963799670048,8.83114836974903,0.9608963799670048
Andaman and Nicobar Islands,2014,600,0.7383,0.0,0.0,0.0,0.0,0.0,0.0
Andaman and Nicobar Islands,2015,600,0.7383,0.0,0.0,0.0,0.0,0.0,0.0
Andaman and Nicobar Islands,2016,600,0.7383,0.0,0.0,0.0,0.0,0.0,0.0
Andaman and Nicobar Islands,2017,600,0.7383,0.0,0.0,0.0,0.0,0.0,0.0
Andaman and Nicobar Islands,2018,600,0.7383,0.0,0.0,0.0,0.0,0.0,0.0
Andaman and Nicobar Islands,2019,600,0.7383,0.0,0.0,0.0,0.0,0.0,0.0
Andaman and Nicobar Islands,2020,600,0.7383,0.0,0.0,0.0,0.0,0.0,0.0
Andaman and Nicobar Islands,2021,600,0.7383,0.0,0.0,0.0,0.0,0.0,0.0
Andaman and Nicobar Islands,2022,600,0.7383,0.0,0.0,0.0,0.0,0.0,0.0
Andaman and Nicobar Islands,2023,600,0.7383,0.0,0.0,0.0,0.0,0.0,0.0
Andaman and Nicobar Islands,2024,600,0.7383,0.0,0.0,0.0,0.0,0.0,0.0
Andhra Pradesh,2014,600,0.7383,0.0,0.0,0.0,0.0,0.0,0.0
Andhra Pradesh,2015,600,0.7383,0.0,0.0,0.0,0.0,0.0,0.0
Andhra Pradesh,2016,600,0.7383,0.0,0.0,0.0,0.0,0.0,0.0
Andhra Pradesh,2017,600,0.7383,0.0,0.0,0.0,0.0,0.0,0.0
Andhra Pradesh,2018,600,0.7383,0.0,0.0,0.0,0.0,0.0,0.0
Andhra Pradesh,2019,600,0.7383,0.0,0.0,0.0,0.0,0.0,0.0
Andhra Pradesh,2020,600,0.7383,0.0,0.0,0.0,0.0,0.0,0.0
Andhra Pradesh,2021,600,0.7383,0.0,0.0,0.0,0.0,0.0,0.0
Andhra Pradesh,2022,600,0.7383,0.0,0.0,0.0,0.0,0.0,0.0
Andhra Pradesh,2023,600,0.7383,0.0,0.0,0.0,0.0,0.0,0.0
Andhra Pradesh,2024,600,0.7383,0.0,0.0,0.0,0.0,0.0,0.0
Arunachal Pradesh,2014,600,0.7383,0.0,0.0,0.0,0.0,0.0,0.0
Arunachal Pradesh,2015,600,0.7383,0.0,0.0,0.0,0.0,0.0,0.0
Arunachal Pradesh,2016,600,0.7383,0.0,0.0,0.0,0.0,0.0,0.0
Arunachal Pradesh,2017,600,0.7383,0.0,0.0,0.0,0.0,0.0,0.0
Arunachal Pradesh,2018,600,0.7383,0.0,0.0,0.0,0.0,0.0,0.0
Arunachal Pradesh,2019,600,0.7383,0.0,0.0,0.0,0.0,0.0,0.0
Arunachal Pradesh,2020,600,0.7383,19.776679210039887,0.0,19.776679210039887,0.0,19.776679210039887,0.0
Arunachal Pradesh,2021,600,0.7383,58.84873428284926,4.082965880683312,62.93170016353257,0.0,62.93170016353257,0.0
Arunachal Pradesh,2022,600,0.7383,135.74476543361186,2.137582321854829,137.8823477554667,0.0,137.8823477554667,0.0
Arunachal Pradesh,2023,600,0.7383,191.63915966706745,77.84110469918954,269.48026436625696,0.0,269.48026436625696,0.0
Arunachal Pradesh,2024,600,0.7383,259.39501932240063,23.10547170690714,282.5004910293078,0.0,282.5004910293078,0.0
Assam,2014,600,0.7383,0.0,0.0,0.0,0.0,0.0,0.0
Assam,2015,600,0.7383,0.0,0.0,0.0,0.0,0.0,0.0
Assam,2016,600,0.7383,0.0,0.0,0.0,0.0,0.0,0.0
Assam,2017,600,0.7383,0.0,0.0,0.0,0.0,0.0,0.0
Assam,2018,600,0.7383,0.0,0.0,0.0,0.0,0.0,0.0
Assam,2019,600,0.7383,0.0,0.0,0.0,0.0,0.0,0.0
Assam,2020,600,0.7383,0.0,0.0,0.0,0.0,0.0,0.0
Assam,2021,600,0.7383,0.0,0.0,0.0,0.0,0.0,0.0
Assam,2022,600,0.7383,0.0,0.0,0.0,0.0,0.0,0.0
Assam,2023,600,0.7383,0.0,0.0,0.0,0.0,0.0,0.0
Assam,2024,600,0.7383,0.0,0.0,0.0,0.0,0.0,0.0
Bihar,2014,600,0.7383,0.0,0.0,0.0,0.0,0.0,0.0
Bihar,2015,600,0.7383,0.0,0.0,0.0,0.0,0.0,0.0
Bihar,2016,600,0.7383,0.0,0.0,0.0,0.0,0.0,0.0
Bihar,2017,600,0.7383,0.0,0.0,0.0,0.0,0.0,0.0
Bihar,2018,600,0.7383,0.0,0.0,0.0,0.0,0.0,0.0
Bihar,2019,600,0.7383,0.0,0.0,0.0,0.0,0.0,0.0
Bihar,2020,600,0.7383,0.0,0.0,0.0,0.0,0.0,0.0
Bihar,2021,600,0.7383,0.0,0.0,0.0,0.0,0.0,0.0
Bihar,2022,600,0.7383,0.0,0.0,0.0,0.0,0.0,0.0
Bihar,2023,600,0.7383,0.0,0.0,0.0,0.0,0.0,0.0
Bihar,2024,600,0.7383,0.0,0.0,0.0,0.0,0.0,0.0
Chandigarh,2014,600,0.7383,0.0,0.0,0.0,0.0,0.0,0.0
Chandigarh,2015,600,0.7383,0.0,0.0,0.0,0.0,0.0,0.0
Chandigarh,2016,600,0.7383,0.0,0.0,0.0,0.0,0.0,0.0
Chandigarh,2017,600,0.7383,0.0,0.0,0.0,0.0,0.0,0.0
Chandigarh,2018,600,0.7383,0.0,0.0,0.0,0.0,0.0,0.0
Chandigarh,2019,600,0.7383,0.0,0.0,0.0,0.0,0.0,0.0
Chandigarh,2020,600,0.7383,0.0,0.0,0.0,0.0,0.0,0.0
Chandigarh,2021,600,0.7383,0.0,0.0,0.0,0.0,0.0,0.0
Chandigarh,2022,600,0.7383,0.0,0.0,0.0,0.0,0.0,0.0
Chandigarh,2023,600,0.7383,0.0,0.0,0.0,0.0,0.0,0.0
Chandigarh,2024,600,0.7383,0.0,0.0,0.0,0.0,0.0,0.0
Chhattisgarh,2014,600,0.7383,0.0,0.0,0.0,0.0,0.0,0.0
Chhattisgarh,2015,600,0.7383,0.0,0.0,0.0,0.0,0.0,0.0
Chhattisgarh,2016,600,0.7383,0.0,0.0,0.0,0.0,0.0,0.0
Chhattisgarh,2017,600,0.7383,0.0,0.0,0.0,0.0,0.0,0.0
Chhattisgarh,2018,600,0.7383,0.0,0.0,0.0,0.0,0.0,0.0
Chhattisgarh,2019,600,0.7383,0.0,0.0,0.0,0.0,0.0,0.0
Chhattisgarh,2020,600,0.7383,0.0,0.0,0.0,0.0,0.0,0.0
Chhattisgarh,2021,600,0.7383,0.0,0.0,0.0,0.0,0.0,0.0
Chhattisgarh,2022,600,0.7383,0.0,0.0,0.0,0.0,0.0,0.0
Chhattisgarh,2023,600,0.7383,0.0,0.0,0.0,0.0,0.0,0.0
Chhattisgarh,2024,600,0.7383,0.0,0.0,0.0,0.0,0.0,0.0
Dadra and Nagar Haveli and Daman and Diu,2014,600,0.7383,0.0,0.0,0.0,0.0,0.0,0.0
Dadra and Nagar Haveli and Daman and Diu,2015,600,0.7383,0.0,0.0,0.0,0.0,0.0,0.0
Dadra and Nagar Haveli and Daman and Diu,2016,600,0.7383,0.0,0.0,0.0,0.0,0.0,0.0
Dadra and Nagar Haveli and Daman and Diu,2017,600,0.7383,0.0,0.0,0.0,0.0,0.0,0.0
Dadra and Nagar Haveli and Daman and Diu,2018,600,0.7383,0.0,0.0,0.0,0.0,0.0,0.0
Dadra and Nagar Haveli and Daman and Diu,2019,600,0.7383,0.0,0.0,0.0,0.0,0.0,0.0
Dadra and Nagar Haveli and Daman and Diu,2020,600,0.7383,0.0,0.0,0.0,0.0,0.0,0.0
Dadra and Nagar Haveli and Daman and Diu,2021,600,0.7383,0.0,0.0,0.0,0.0,0.0,0.0
Dadra and Nagar Haveli and Daman and Diu,2022,600,0.7383,0.0,0.0,0.0,0.0,0.0,0.0
Dadra and Nagar Haveli and Daman and Diu,2023,600,0.7383,0.0,0.0,0.0,0.0,0.0,0.0
Dadra and Nagar Haveli and Daman and Diu,2024,600,0.7383,0.0,0.0,0.0,0.0,0.0,0.0
Delhi,2014,600,0.7383,0.0,0.0,0.0,0.0,0.0,0.0
Delhi,2015,600,0.7383,0.0,0.0,0.0,0.0,0.0,0.0
Delhi,2016,600,0.7383,0.0,0.0,0.0,0.0,0.0,0.0
Delhi,2017,600,0.7383,0.0,0.0,0.0,0.0,0.0,0.0
Delhi,2018,600,0.7383,0.0,0.0,0.0,0.0,0.0,0.0
Delhi,2019,600,0.7383,0.0,0.0,0.0,0.0,0.0,0.0
Delhi,2020,600,0.7383,0.0,0.0,0.0,0.0,0.0,0.0
Delhi,2021,600,0.7383,0.0,0.0,0.0,0.0,0.0,0.0
Delhi,2022,600,0.7383,0.0,0.0,0.0,0.0,0.0,0.0
Delhi,2023,600,0.7383,0.0,0.0,0.0,0.0,0.0,0.0
Delhi,2024,600,0.7383,0.0,0.0,0.0,0.0,0.0,0.0
Goa,2014,600,0.7383,0.0,0.0,0.0,0.0,0.0,0.0
Goa,2015,600,0.7383,0.0,0.0,0.0,0.0,0.0,0.0
Goa,2016,600,0.7383,0.0,0.0,0.0,0.0,0.0,0.0
Goa,2017,600,0.7383,0.0,0.0,0.0,0.0,0.0,0.0
Goa,2018,600,0.7383,0.0,0.0,0.0,0.0,0.0,0.0
Goa,2019,600,0.7383,0.0,0.0,0.0,0.0,0.0,0.0
Goa,2020,600,0.7383,27.42000583714369,0.0,27.42000583714369,0.8825127303921221,26.53749310675157,0.8825127303921221
Goa,2021,600,0.7383,81.59269917899375,5.660957893495059,87.2536570724888,1.8162074586112322,85.43744961387758,1.8162074586112322
Goa,2022,600,0.7383,188.20764704833536,2.9637189904399706,191.1713660387753,8.723751246239127,182.44761479253617,8.723751246239127
Goa,2023,600,0.7383,265.7042075106654,107.92527514619,373.6294826568554,14.291243126833832,359.33823953002155,14.291243126833832
Goa,2024,600,0.7383,359.6464739305381,32.03531605810348,391.6817899886416,19.297949651583675,372.3838403370579,19.297949651583675
Gujarat,2014,600,0.7383,0.0,0.0,0.0,0.0,0.0,0.0
Gujarat,2015,600,0.7383,0.0,0.0,0.0,0.0,0.0,0.0
Gujarat,2016,600,0.7383,0.0,0.0,0.0,0.0,0.0,0.0
Gujarat,2017,600,0.7383,0.0,0.0,0.0,0.0,0.0,0.0
Gujarat,2018,600,0.7383,0.0,0.0,0.0,0.0,0.0,0.0
Gujarat,2019,600,0.7383,0.0,0.0,0.0,0.0,0.0,0.0
Gujarat,2020,600,0.7383,6702.169201751144,0.0,6702.169201751144,772.2011590221562,5929.968042728988,772.2011590221562
Gujarat,2021,600,0.7383,19943.397487699523,1383.6867093148967,21327.08419701442,2424.9431706729392,18902.14102634148,2424.9431706729392
Gujarat,2022,600,0.7383,46002.88938934817,724.4107188870278,46727.3001082352,5772.887837646017,40954.41227058918,5772.887837646017
Gujarat,2023,600,0.7383,64945.08305105378,26379.77028420143,91324.8533352552,8447.64850764007,82877.20482761513,8447.64850764007
Gujarat,2024,600,0.7383,87907.0389485642,7830.272171647016,95737.3111202112,11161.262746103757,84576.04837410744,11161.262746103757
Haryana,2014,600,0.7383,0.0,0.0,0.0,0.0,0.0,0.0
Haryana,2015,600,0.7383,0.0,0.0,0.0,0.0,0.0,0.0
Haryana,2016,600,0.7383,0.0,0.0,0.0,0.0,0.0,0.0
Haryana,2017,600,0.7383,0.0,0.0,0.0,0.0,0.0,0.0
Haryana,2018,600,0.7383,0.0,0.0,0.0,0.0,0.0,0.0
Haryana,2019,600,0.7383,0.0,0.0,0.0,0.0,0.0,0.0
Haryana,2020,600,0.7383,5383.6782210720885,0.0,5383.6782210720885,1953.5490587112172,3430.1291623608713,1953.5490587112172
Haryana,2021,600,0.7383,16020.012547677608,1111.4795490061867,17131.492096683796,5896.5803346233215,11234.911762060474,5896.5803346233215
Haryana,2022,600,0.7383,36952.92468102898,581.9002912317219,37534.82497226071,12258.02088718499,25276.804085075717,12258.02088718499
Haryana,2023,600,0.7383,52168.69623290344,21190.18342879688,73358.87966170031,17823.167227052374,55535.71243464794,17823.167227052374
Haryana,2024,600,0.7383,70613.43824961428,6289.853998993111,76903.2922486074,22485.822977462394,54417.469271145004,22485.822977462394
Himachal Pradesh,2014,600,0.7383,0.0,0.0,0.0,0.0,0.0,0.0
Himachal Pradesh,2015,600,0.7383,0.0,0.0,0.0,0.0,0.0,0.0
Himachal Pradesh,2016,600,0.7383,0.0,0.0,0.0,0.0,0.0,0.0
Himachal Pradesh,2017,600,0.7383,0.0,0.0,0.0,0.0,0.0,0.0
Himachal Pradesh,2018,600,0.7383,0.0,0.0,0.0,0.0,0.0,0.0
Himachal Pradesh,2019,600,0.7383,0.0,0.0,0.0,0.0,0.0,0.0
Himachal Pradesh,2020,600,0.7383,32.869731997276,0.0,32.869731997276,3.1288758277775433,29.740856169498457,3.1288758277775433
Himachal Pradesh,2021,600,0.7383,97.80924814081877,6.786073274827201,104.59532141564596,8.95986245834247,95.63545895730348,8.95986245834247
Himachal Pradesh,2022,600,0.7383,225.613916899192,3.552758139789915,229.1666750389819,20.074382592745348,209.09229244623657,20.074382592745348
Himachal Pradesh,2023,600,0.7383,318.51291875341013,129.37542358149528,447.8883423349054,28.01826804189553,419.8700742930099,28.01826804189553
Himachal Pradesh,2024,600,0.7383,431.12621062423256,38.40233512465154,469.5285457488841,35.82599914006017,433.7025466088239,35.82599914006017
Jammu and Kashmir,2014,600,0.7383,0.0,0.0,0.0,0.0,0.0,0.0
Jammu and Kashmir,2015,600,0.7383,0.0,0.0,0.0,0.0,0.0,0.0
Jammu and Kashmir,2016,600,0.7383,0.0,0.0,0.0,0.0,0.0,0.0
Jammu and Kashmir,2017,600,0.7383,0.0,0.0,0.0,0.0,0.0,0.0
Jammu and Kashmir,2018,600,0.7383,0.0,0.0,0.0,0.0,0.0,0.0
Jammu and Kashmir,2019,600,0.7383,0.0,0.0,0.0,0.0,0.0,0.0
Jammu and Kashmir,2020,600,0.7383,99.0547710866816,0.0,99.0547710866816,5.192090275455328,93.86268081122627,5.192090275455328
Jammu and Kashmir,2021,600,0.7383,294.75362578411494,20.450210390250906,315.20383617436585,15.47526175060523,299.7285744237606,15.47526175060523
Jammu and Kashmir,2022,600,0.7383,679.9001249621115,10.706434852964394,690.6065598150759,39.30233315644199,651.304226658634,39.30233315644199
Jammu and Kashmir,2023,600,0.7383,959.8564496322788,389.8800564656114,1349.73650609789,58.464024438728615,1291.2724816591615,58.464024438728615
Jammu and Kashmir,2024,600,0.7383,1299.2228870740691,115.72757925989885,1414.950466333968,67.79678850424223,1347.153677829726,67.79678850424223
Jharkhand,2014,600,0.7383,0.0,0.0,0.0,0.0,0.0,0.0
Jharkhand,2015,600,0.7383,0.0,0.0,0.0,0.0,0.0,0.0
Jharkhand,2016,600,0.7383,0.0,0.0,0.0,0.0,0.0,0.0
Jharkhand,2017,600,0.7383,0.0,0.0,0.0,0.0,0.0,0.0
Jharkhand,2018,600,0.7383,0.0,0.0,0.0,0.0,0.0,0.0
Jharkhand,2019,600,0.7383,0.0,0.0,0.0,0.0,0.0,0.0
Jharkhand,2020,600,0.7383,1215.3574837240976,0.0,1215.3574837240976,104.61743873918913,1110.7400449849085,104.61743873918913
Jharkhand,2021,600,0.7383,3616.494400234925,250.9148824318017,3867.409282666727,364.0565242151436,3503.352758451583,364.0565242151436
Jharkhand,2022,600,0.7383,8342.068695858654,131.36313960251366,8473.431835461168,634.6386468671627,7838.793188594005,634.6386468671627
Jharkhand,2023,600,0.7383,11777.006867650856,4783.65291426094,16560.659781911796,930.1541356621138,15630.505646249681,930.1541356621138
Jharkhand,2024,600,0.7383,15940.88039887869,1419.9253401303645,17360.805739009054,1173.4563987418016,16187.349340267252,1173.4563987418016
Karnataka,2014,600,0.7383,0.0,0.0,0.0,0.0,0.0,0.0
Karnataka,2015,600,0.7383,0.0,0.0,0.0,0.0,0.0,0.0
Karnataka,2016,600,0.7383,0.0,0.0,0.0,0.0,0.0,0.0
Karnataka,2017,600,0.7383,0.0,0.0,0.0,0.0,0.0,0.0
Karnataka,2018,600,0.7383,0.0,0.0,0.0,0.0,0.0,0.0
Karnataka,2019,600,0.7383,0.0,0.0,0.0,0.0,0.0,0.0
Karnataka,2020,600,0.7383,814.4084483704642,0.0,814.4084483704642,131.59207820651207,682.8163701639521,131.59207820651207
Karnataka,2021,600,0.7383,2423.4051564900883,168.13752563417015,2591.5426821242586,396.31065042226965,2195.232031701989,396.31065042226965
Karnataka,2022,600,0.7383,5590.002376894371,88.02615866480518,5678.028535559176,979.0295991628499,4698.998936396326,979.0295991628499
Karnataka,2023,600,0.7383,7891.747093326151,3205.5155784357767,11097.262671761928,1316.1083495019693,9781.154322259958,1316.1083495019693
Karnataka,2024,600,0.7383,10681.949833829398,951.4889310707462,11633.438764900144,1712.2643239623742,9921.17444093777,1712.2643239623742
Kerala,2014,600,0.7383,0.0,0.0,0.0,0.0,0.0,0.0
Kerala,2015,600,0.7383,0.0,0.0,0.0,0.0,0.0,0.0
Kerala,2016,600,0.7383,0.0,0.0,0.0,0.0,0.0,0.0
Kerala,2017,600,0.7383,0.0,0.0,0.0,0.0,0.0,0.0
Kerala,2018,600,0.7383,0.0,0.0,0.0,0.0,0.0,0.0
Kerala,2019,600,0.7383,0.0,0.0,0.0,0.0,0.0,0.0
Kerala,2020,600,0.7383,451.4361211012745,0.0,451.4361211012745,52.641880731349545,398.794240369925,52.641880731349545
Kerala,2021,600,0.7383,1343.3218011081583,93.20059551902928,1436.5223966271878,164.1903897376074,1272.3320068895805,164.1903897376074
Kerala,2022,600,0.7383,3098.603649092031,48.793928528856064,3147.397577620887,388.4212954182479,2758.976282202639,388.4212954182479
Kerala,2023,600,0.7383,4374.487646403718,1776.854748688086,6151.342395091804,600.6050827002501,5550.737312391554,600.6050827002501
Kerala,2024,600,0.7383,5921.1296351738965,527.4214347516012,6448.551069925497,745.8227737682804,5702.728296157217,745.8227737682804
Ladakh,2014,600,0.7383,0.0,0.0,0.0,0.0,0.0,0.0
Ladakh,2015,600,0.7383,0.0,0.0,0.0,0.0,0.0,0.0
Ladakh,2016,600,0.7383,0.0,0.0,0.0,0.0,0.0,0.0
Ladakh,2017,600,0.7383,0.0,0.0,0.0,0.0,0.0,0.0
Ladakh,2018,600,0.7383,0.0,0.0,0.0,0.0,0.0,0.0
Ladakh,2019,600,0.7383,0.0,0.0,0.0,0.0,0.0,0.0
Ladakh,2020,600,0.7383,0.0,0.0,0.0,0.0,0.0,0.0
Ladakh,2021,600,0.7383,0.0,0.0,0.0,0.0,0.0,0.0
Ladakh,2022,600,0.7383,0.0,0.0,0.0,0.0,0.0,0.0
Ladakh,2023,600,0.7383,0.0,0.0,0.0,0.0,0.0,0.0
Ladakh,2024,600,0.7383,0.0,0.0,0.0,0.0,0.0,0.0
Lakshadweep,2014,600,0.7383,0.0,0.0,0.0,0.0,0.0,0.0
Lakshadweep,2015,600,0.7383,0.0,0.0,0.0,0.0,0.0,0.0
Lakshadweep,2016,600,0.7383,0.0,0.0,0.0,0.0,0.0,0.0
Lakshadweep,2017,600,0.7383,0.0,0.0,0.0,0.0,0.0,0.0
Lakshadweep,2018,600,0.7383,0.0,0.0,0.0,0.0,0.0,0.0
Lakshadweep,2019,600,0.7383,0.0,0.0,0.0,0.0,0.0,0.0
Lakshadweep,2020,600,0.7383,0.0,0.0,0.0,0.0,0.0,0.0
Lakshadweep,2021,600,0.7383,0.0,0.0,0.0,0.0,0.0,0.0
Lakshadweep,2022,600,0.7383,0.0,0.0,0.0,0.0,0.0,0.0
Lakshadweep,2023,600,0.7383,0.0,0.0,0.0,0.0,0.0,0.0
Lakshadweep,2024,600,0.7383,0.0,0.0,0.0,0.0,0.0,0.0
Madhya Pradesh,2014,600,0.7383,0.0,0.0,0.0,0.0,0.0,0.0
Madhya Pradesh,2015,600,0.7383,0.0,0.0,0.0,0.0,0.0,0.0
Madhya Pradesh,2016,600,0.7383,0.0,0.0,0.0,0.0,0.0,0.0
Madhya Pradesh,2017,600,0.7383,0.0,0.0,0.0,0.0,0.0,0.0
Madhya Pradesh,2018,600,0.7383,0.0,0.0,0.0,0.0,0.0,0.0
Madhya Pradesh,2019,600,0.7383,0.0,0.0,0.0,0.0,0.0,0.0
Madhya Pradesh,2020,600,0.7383,810.2954474948924,0.0,810.2954474948924,113.0621414389644,697.233306055928,113.0621414389644
Madhya Pradesh,2021,600,0.7383,2411.1662516132387,167.28838195014583,2578.4546335633845,341.82239054760976,2236.6322430157747,341.82239054760976
Madhya Pradesh,2022,600,0.7383,5561.77122983712,87.58160081623917,5649.352830653359,797.0912769354502,4852.261553717909,797.0912769354502
Madhya Pradesh,2023,600,0.7383,7851.891462199551,3189.326787163848,11041.2182493634,1161.0454274237757,9880.172821939625,1161.0454274237757
Madhya Pradesh,2024,600,0.7383,10628.002862739811,946.6836336620306,11574.686496401844,1453.6999748169158,10120.986521584928,1453.6999748169158
Maharashtra,2014,600,0.7383,0.0,0.0,0.0,0.0,0.0,0.0
Maharashtra,2015,600,0.7383,0.0,0.0,0.0,0.0,0.0,0.0
Maharashtra,2016,600,0.7383,0.0,0.0,0.0,0.0,0.0,0.0
Maharashtra,2017,600,0.7383,0.0,0.0,0.0,0.0,0.0,0.0
Maharashtra,2018,600,0.7383,0.0,0.0,0.0,0.0,0.0,0.0
Maharashtra,2019,600,0.7383,0.0,0.0,0.0,0.0,0.0,0.0
Maharashtra,2020,600,0.7383,24918.58152964296,0.0,24918.58152964296,1596.1617456789713,23322.41978396399,1596.1617456789713
Maharashtra,2021,600,0.7383,74149.30320551609,5144.529933463606,79293.8331389797,4800.825971453702,74493.007167526,4800.825971453702
Maharashtra,2022,600,0.7383,171038.16918679216,2693.3500208883465,173731.5192076805,10652.538129646446,163078.98107803406,10652.538129646446
Maharashtra,2023,600,0.7383,241465.0090502456,98079.65701438492,339544.66606463044,32714.903169743215,306829.76289488724,32714.903169743215
Maharashtra,2024,600,0.7383,326837.27478813234,29112.854306557925,355950.12909469026,40563.53291684268,315386.5961778476,40563.53291684268
Manipur,2014,600,0.7383,0.0,0.0,0.0,0.0,0.0,0.0
Manipur,2015,600,0.7383,0.0,0.0,0.0,0.0,0.0,0.0
Manipur,2016,600,0.7383,0.0,0.0,0.0,0.0,0.0,0.0
Manipur,2017,600,0.7383,0.0,0.0,0.0,0.0,0.0,0.0
Manipur,2018,600,0.7383,0.0,0.0,0.0,0.0,0.0,0.0
Manipur,2019,600,0.7383,0.0,0.0,0.0,0.0,0.0,0.0
Manipur,2020,600,0.7383,2.67345056912151,0.0,2.67345056912151,0.09830003586258518,2.575150533258925,0.09830003586258518
Manipur,2021,600,0.7383,7.955288169951891,0.5519433946157682,8.50723156456766,0.2666073835421032,8.240624181025556,0.2666073835421032
Manipur,2022,600,0.7383,18.350245587212697,0.2889626015678971,18.6392081887806,0.5483638402227089,18.09084434855789,0.5483638402227089
Manipur,2023,600,0.7383,25.90616023228988,10.522714326753526,36.42887455904341,0.8150422349475307,35.613832324095874,0.8150422349475307
Manipur,2024,600,0.7383,35.06553120822747,3.12344331566509,38.18897452389256,1.0265986965459453,37.162375827346615,1.0265986965459453
Meghalaya,2014,600,0.7383,0.0,0.0,0.0,0.0,0.0,0.0
Meghalaya,2015,600,0.7383,0.0,0.0,0.0,0.0,0.0,0.0
Meghalaya,2016,600,0.7383,0.0,0.0,0.0,0.0,0.0,0.0
Meghalaya,2017,600,0.7383,0.0,0.0,0.0,0.0,0.0,0.0
Meghalaya,2018,600,0.7383,0.0,0.0,0.0,0.0,0.0,0.0
Meghalaya,2019,600,0.7383,0.0,0.0,0.0,0.0,0.0,0.0
Meghalaya,2020,600,0.7383,3.3589507150501023,0.0,3.3589507150501023,0.1029976890071145,3.2559530260429876,0.1029976890071145
Meghalaya,2021,600,0.7383,9.995105649426735,0.6934673419531447,10.68857299137988,0.2991559772648613,10.389417014115018,0.2991559772648613
Meghalaya,2022,600,0.7383,23.05543676342108,0.3630555763288964,23.41849233974997,0.6889699531003265,22.729522386649645,0.6889699531003265
Meghalaya,2023,600,0.7383,32.54876542005652,13.22084620540828,45.7696116254648,1.024027423395616,44.74558420206918,1.024027423395616
Meghalaya,2024,600,0.7383,44.05669305649093,3.924326217117677,47.9810192736086,1.2898291315577266,46.69119014205088,1.2898291315577266
Mizoram,2014,600,0.7383,0.0,0.0,0.0,0.0,0.0,0.0
Mizoram,2015,600,0.7383,0.0,0.0,0.0,0.0,0.0,0.0
Mizoram,2016,600,0.7383,0.0,0.0,0.0,0.0,0.0,0.0
Mizoram,2017,600,0.7383,0.0,0.0,0.0,0.0,0.0,0.0
Mizoram,2018,600,0.7383,0.0,0.0,0.0,0.0,0.0,0.0
Mizoram,2019,600,0.7383,0.0,0.0,0.0,0.0,0.0,0.0
Mizoram,2020,600,0.7383,1.3710002918571846,0.0,1.3710002918571846,0.055524360650735585,1.315475931206449,0.055524360650735585
Mizoram,2021,600,0.7383,4.079634958949687,0.2830478946747529,4.36268285362444,0.16759438502233126,4.195088468602108,0.16759438502233126
Mizoram,2022,600,0.7383,9.410382352416768,0.1481859495219985,9.558568301938768,0.37494963434031375,9.183618667598454,0.37494963434031375
Mizoram,2023,600,0.7383,13.285210375533271,5.396263757309501,18.681474132842773,0.41797037689616967,18.263503755946605,0.41797037689616967
Mizoram,2024,600,0.7383,17.9823236965269,1.601765802905174,19.584089499432075,0.5264608700235617,19.057628629408512,0.5264608700235617
Nagaland,2014,600,0.7383,0.0,0.0,0.0,0.0,0.0,0.0
Nagaland,2015,600,0.7383,0.0,0.0,0.0,0.0,0.0,0.0
Nagaland,2016,600,0.7383,0.0,0.0,0.0,0.0,0.0,0.0
Nagaland,2017,600,0.7383,0.0,0.0,0.0,0.0,0.0,0.0
Nagaland,2018,600,0.7383,0.0,0.0,0.0,0.0,0.0,0.0
Nagaland,2019,600,0.7383,0.0,0.0,0.0,0.0,0.0,0.0
Nagaland,2020,600,0.7383,2.227875474267925,0.0,2.227875474267925,0.06996422351064617,2.157911250757279,0.06996422351064617
Nagaland,2021,600,0.7383,6.629406808293243,0.4599528288464736,7.089359637139717,0.08481802695383343,7.004541610185884,0.08481802695383343
Nagaland,2022,600,0.7383,15.291871322677247,0.2408021679732476,15.532673490650495,0.4569698668522575,15.075703623798237,0.4569698668522575
Nagaland,2023,600,0.7383,21.588466860241567,8.768928605627938,30.357395465869505,0.6792018624562757,29.67819360341323,0.6792018624562757
Nagaland,2024,600,0.7383,29.221276006856225,2.6028694297209083,31.824145436577133,0.8554989137882878,30.968646522788845,0.8554989137882878
Odisha,2014,600,0.7383,0.0,0.0,0.0,0.0,0.0,0.0
Odisha,2015,600,0.7383,0.0,0.0,0.0,0.0,0.0,0.0
Odisha,2016,600,0.7383,0.0,0.0,0.0,0.0,0.0,0.0
Odisha,2017,600,0.7383,0.0,0.0,0.0,0.0,0.0,0.0
Odisha,2018,600,0.7383,0.0,0.0,0.0,0.0,0.0,0.0
Odisha,2019,600,0.7383,0.0,0.0,0.0,0.0,0.0,0.0
Odisha,2020,600,0.7383,195.9159417063917,0.0,195.9159417063917,18.96298872800953,176.95295297838217,18.96298872800953
Odisha,2021,600,0.7383,582.9798356339104,40.4475441490222,623.4273797829326,59.05029659129446,564.3770831916381,59.05029659129446
Odisha,2022,600,0.7383,1344.7436381603563,21.175772186693592,1365.91941034705,144.41928864247424,1221.5001217045758,144.41928864247424
Odisha,2023,600,0.7383,1898.4565626637043,771.1260909195277,2669.582653583232,221.375736364206,2448.206917219026,221.375736364206
Odisha,2024,600,0.7383,2569.6740562336954,228.8923332351494,2798.566389468845,290.2722871264542,2508.294102342391,290.2722871264542
Puducherry,2014,600,0.7383,0.0,0.0,0.0,0.0,0.0,0.0
Puducherry,2015,600,0.7383,0.0,0.0,0.0,0.0,0.0,0.0
Puducherry,2016,600,0.7383,0.0,0.0,0.0,0.0,0.0,0.0
Puducherry,2017,600,0.7383,0.0,0.0,0.0,0.0,0.0,0.0
Puducherry,2018,600,0.7383,0.0,0.0,0.0,0.0,0.0,0.0
Puducherry,2019,600,0.7383,0.0,0.0,0.0,0.0,0.0,0.0
Puducherry,2020,600,0.7383,0.0,0.0,0.0,0.0,0.0,0.0
Puducherry,2021,600,0.7383,0.0,0.0,0.0,0.0,0.0,0.0
Puducherry,2022,600,0.7383,0.0,0.0,0.0,0.0,0.0,0.0
Puducherry,2023,600,0.7383,0.0,0.0,0.0,0.0,0.0,0.0
Puducherry,2024,600,0.7383,0.0,0.0,0.0,0.0,0.0,0.0
Punjab,2014,600,0.7383,0.0,0.0,0.0,0.0,0.0,0.0
Punjab,2015,600,0.7383,0.0,0.0,0.0,0.0,0.0,0.0
Punjab,2016,600,0.7383,0.0,0.0,0.0,0.0,0.0,0.0
Punjab,2017,600,0.7383,0.0,0.0,0.0,0.0,0.0,0.0
Punjab,2018,600,0.7383,0.0,0.0,0.0,0.0,0.0,0.0
Punjab,2019,600,0.7383,0.0,0.0,0.0,0.0,0.0,0.0
Punjab,2020,600,0.7383,514.981984628855,0.0,514.981984628855,206.60319456230863,308.37879006654634,206.60319456230863
Punjab,2021,600,0.7383,1532.4128814554765,106.31986543720409,1638.7327468926806,621.6449587203809,1017.0877881722996,621.6449587203809
Punjab,2022,600,0.7383,3534.774871126549,55.66234728920069,3590.4372184157496,1393.4694704414226,2196.967747974327,1393.4694704414226
Punjab,2023,600,0.7383,4990.257147309684,2026.971573839381,7017.228721149066,2056.827209061528,4960.401512087537,2056.827209061528
Punjab,2024,600,0.7383,6754.6103385079205,601.6632797162562,7356.273618224177,2481.7067962519136,4874.566821972263,2481.7067962519136
Rajasthan,2014,600,0.7383,0.0,0.0,0.0,0.0,0.0,0.0
Rajasthan,2015,600,0.7383,0.0,0.0,0.0,0.0,0.0,0.0
Rajasthan,2016,600,0.7383,0.0,0.0,0.0,0.0,0.0,0.0
Rajasthan,2017,600,0.7383,0.0,0.0,0.0,0.0,0.0,0.0
Rajasthan,2018,600,0.7383,0.0,0.0,0.0,0.0,0.0,0.0
Rajasthan,2019,600,0.7383,0.0,0.0,0.0,0.0,0.0,0.0
Rajasthan,2020,600,0.7383,5343.782112579045,0.0,5343.782112579045,1793.5043034496218,3550.277809129423,1793.5043034496218
Rajasthan,2021,600,0.7383,15901.295170372174,1103.2428552711517,17004.538025643324,5503.5422638465825,11500.995761796741,5503.5422638465825
Rajasthan,2022,600,0.7383,36679.08255457365,577.5880801006317,37256.67063467428,13181.6656414279,24075.00499324638,13181.6656414279
Rajasthan,2023,600,0.7383,51782.096610975415,21033.15215345917,72815.2487644346,19389.296302462375,53425.95246197222,19389.296302462375
Rajasthan,2024,600,0.7383,70090.15263004534,6243.2426141285705,76333.39524417391,24601.01393877139,51732.38130540252,24601.01393877139
Sikkim,2014,600,0.7383,0.0,0.0,0.0,0.0,0.0,0.0
Sikkim,2015,600,0.7383,0.0,0.0,0.0,0.0,0.0,0.0
Sikkim,2016,600,0.7383,0.0,0.0,0.0,0.0,0.0,0.0
Sikkim,2017,600,0.7383,0.0,0.0,0.0,0.0,0.0,0.0
Sikkim,2018,600,0.7383,0.0,0.0,0.0,0.0,0.0,0.0
Sikkim,2019,600,0.7383,0.0,0.0,0.0,0.0,0.0,0.0
Sikkim,2020,600,0.7383,0.0,0.0,0.0,0.0,0.0,0.0
Sikkim,2021,600,0.7383,0.0,0.0,0.0,0.0,0.0,0.0
Sikkim,2022,600,0.7383,0.0,0.0,0.0,0.0,0.0,0.0
Sikkim,2023,600,0.7383,0.0,0.0,0.0,0.0,0.0,0.0
Sikkim,2024,600,0.7383,0.0,0.0,0.0,0.0,0.0,0.0
Tamil Nadu,2014,600,0.7383,0.0,0.0,0.0,0.0,0.0,0.0
Tamil Nadu,2015,600,0.7383,0.0,0.0,0.0,0.0,0.0,0.0
Tamil Nadu,2016,600,0.7383,0.0,0.0,0.0,0.0,0.0,0.0
Tamil Nadu,2017,600,0.7383,0.0,0.0,0.0,0.0,0.0,0.0
Tamil Nadu,2018,600,0.7383,0.0,0.0,0.0,0.0,0.0,0.0
Tamil Nadu,2019,600,0.7383,0.0,0.0,0.0,0.0,0.0,0.0
Tamil Nadu,2020,600,0.7383,143.5094555501508,0.0,143.5094555501508,27.70650035909166,115.80295519105913,27.70650035909166
Tamil Nadu,2021,600,0.7383,427.0357893280587,29.62803837507977,456.66382770313845,88.65171720331998,368.0121104998185,88.65171720331998
Tamil Nadu,2022,600,0.7383,985.0317727392252,15.5113642662152,1000.5431370054404,180.22591503103536,820.317221974405,180.22591503103536
Tamil Nadu,2023,600,0.7383,1390.629396058945,564.853908796372,1955.483304855317,258.6912037192592,1696.792101136058,258.6912037192592
Tamil Nadu,2024,600,0.7383,1882.299732933954,167.66483541909912,2049.964568353053,327.38139775737073,1722.5831705956823,327.38139775737073
Telangana,2014,600,0.7383,0.0,0.0,0.0,0.0,0.0,0.0
Telangana,2015,600,0.7383,0.0,0.0,0.0,0.0,0.0,0.0
Telangana,2016,600,0.7383,0.0,0.0,0.0,0.0,0.0,0.0
Telangana,2017,600,0.7383,0.0,0.0,0.0,0.0,0.0,0.0
Telangana,2018,600,0.7383,0.0,0.0,0.0,0.0,0.0,0.0
Telangana,2019,600,0.7383,0.0,0.0,0.0,0.0,0.0,0.0
Telangana,2020,600,0.7383,0.0,0.0,0.0,0.0,0.0,0.0
Telangana,2021,600,0.7383,0.0,0.0,0.0,0.0,0.0,0.0
Telangana,2022,600,0.7383,0.0,0.0,0.0,0.0,0.0,0.0
Telangana,2023,600,0.7383,0.0,0.0,0.0,0.0,0.0,0.0
Telangana,2024,600,0.7383,0.0,0.0,0.0,0.0,0.0,0.0
Tripura,2014,600,0.7383,0.0,0.0,0.0,0.0,0.0,0.0
Tripura,2015,600,0.7383,0.0,0.0,0.0,0.0,0.0,0.0
Tripura,2016,600,0.7383,0.0,0.0,0.0,0.0,0.0,0.0
Tripura,2017,600,0.7383,0.0,0.0,0.0,0.0,0.0,0.0
Tripura,2018,600,0.7383,0.0,0.0,0.0,0.0,0.0,0.0
Tripura,2019,600,0.7383,0.0,0.0,0.0,0.0,0.0,0.0
Tripura,2020,600,0.7383,180.14943835003405,0.0,180.14943835003405,5.471925742129993,174.67751260790405,5.471925742129993
Tripura,2021,600,0.7383,536.0640336059889,37.19249336026254,573.2565269662515,16.33291079235129,556.9236161739002,16.33291079235129
Tripura,2022,600,0.7383,1236.5242411075633,19.471633767190607,1255.9958748747538,36.95128646423792,1219.0445884105159,36.95128646423792
Tripura,2023,600,0.7383,1745.6766433450716,709.0690577104685,2454.74570105554,54.92130752415669,2399.824393531383,54.92130752415669
Tripura,2024,600,0.7383,2362.877333723636,210.47202650173992,2573.349360225376,69.17695832109601,2504.17240190428,69.17695832109601
Uttar Pradesh,2014,600,0.7383,0.0,0.0,0.0,0.0,0.0,0.0
Uttar Pradesh,2015,600,0.7383,0.0,0.0,0.0,0.0,0.0,0.0
Uttar Pradesh,2016,600,0.7383,0.0,0.0,0.0,0.0,0.0,0.0
Uttar Pradesh,2017,600,0.7383,0.0,0.0,0.0,0.0,0.0,0.0
Uttar Pradesh,2018,600,0.7383,0.0,0.0,0.0,0.0,0.0,0.0
Uttar Pradesh,2019,600,0.7383,0.0,0.0,0.0,0.0,0.0,0.0
Uttar Pradesh,2020,600,0.7383,2413.234713727016,0.0,2413.234713727016,423.6610078991361,1989.5737058278796,423.6610078991361
Uttar Pradesh,2021,600,0.7383,7180.97345474324,498.2209042065001,7679.1943589497405,1243.7151364935876,6435.479222456153,1243.7151364935876
Uttar Pradesh,2022,600,0.7383,16564.155016723995,260.8369083486218,16824.991925072616,2877.5782830809712,13947.413641991645,2877.5782830809712
Uttar Pradesh,2023,600,0.7383,23384.627303013665,9498.503465616184,32883.13076862985,4164.715418121461,28718.415350508392,4164.715418121461
Uttar Pradesh,2024,600,0.7383,31652.486170626664,2819.428166273688,34471.91433690035,5222.748322369608,29249.166014530743,5222.748322369608
Uttarakhand,2014,600,0.7383,0.0,0.0,0.0,0.0,0.0,0.0
Uttarakhand,2015,600,0.7383,0.0,0.0,0.0,0.0,0.0,0.0
Uttarakhand,2016,600,0.7383,0.0,0.0,0.0,0.0,0.0,0.0
Uttarakhand,2017,600,0.7383,0.0,0.0,0.0,0.0,0.0,0.0
Uttarakhand,2018,600,0.7383,0.0,0.0,0.0,0.0,0.0,0.0
Uttarakhand,2019,600,0.7383,0.0,0.0,0.0,0.0,0.0,0.0
Uttarakhand,2020,600,0.7383,46.853934974219285,0.0,46.853934974219285,5.5345634540012805,41.319371520218006,5.5345634540012805
Uttarakhand,2021,600,0.7383,139.42152472210557,9.673161800509682,149.09468652261526,16.3423290561625,132.75235746645276,16.3423290561625
Uttarakhand,2022,600,0.7383,321.59981689384307,5.0642548249143,326.6640717187574,37.29222969073241,289.37184202802496,37.29222969073241
Uttarakhand,2023,600,0.7383,454.0220645838496,184.4173139060522,638.4393784899017,59.067765929340084,579.3716125605616,59.067765929340084
Uttarakhand,2024,600,0.7383,614.545912328807,54.74034631428434,669.2862586430914,77.06247875822213,592.2237798848693,77.06247875822213
West Bengal,2014,600,0.7383,0.0,0.0,0.0,0.0,0.0,0.0
West Bengal,2015,600,0.7383,0.0,0.0,0.0,0.0,0.0,0.0
West Bengal,2016,600,0.7383,0.0,0.0,0.0,0.0,0.0,0.0
West Bengal,2017,600,0.7383,0.0,0.0,0.0,0.0,0.0,0.0
West Bengal,2018,600,0.7383,0.0,0.0,0.0,0.0,0.0,0.0
West Bengal,2019,600,0.7383,0.0,0.0,0.0,0.0,0.0,0.0
West Bengal,2020,600,0.7383,0.6855001459285923,0.0,0.6855001459285923,0.061853635282017635,0.6236465106465747,0.061853635282017635
West Bengal,2021,600,0.7383,2.039817479474844,0.1415239473373764,2.18134142681222,0.18663894196139003,1.99470248485083,0.18663894196139003
West Bengal,2022,600,0.7383,4.705191176208384,0.0740929747609992,4.779284150969383,0.43463083769755817,4.3446533132718255,0.43463083769755817
West Bengal,2023,600,0.7383,6.642605187766636,2.6981318786547503,9.340737066421386,0.7491701035486947,8.591566962872692,0.7491701035486947
West Bengal,2024,600,0.7383,8.99116184826345,0.800882901452587,9.792044749716036,0.9608963799670048,8.83114836974903,0.9608963799670048
Andaman and Nicobar Islands,2014,600,0.79,0.0,0.0,0.0,0.0,0.0,0.0
Andaman and Nicobar Islands,2015,600,0.79,0.0,0.0,0.0,0.0,0.0,0.0
Andaman and Nicobar Islands,2016,600,0.79,0.0,0.0,0.0,0.0,0.0,0.0
Andaman and Nicobar Islands,2017,600,0.79,0.0,0.0,0.0,0.0,0.0,0.0
Andaman and Nicobar Islands,2018,600,0.79,0.0,0.0,0.0,0.0,0.0,0.0
Andaman and Nicobar Islands,2019,600,0.79,0.0,0.0,0.0,0.0,0.0,0.0
Andaman and Nicobar Islands,2020,600,0.79,0.0,0.0,0.0,0.0,0.0,0.0
Andaman and Nicobar Islands,2021,600,0.79,0.0,0.0,0.0,0.0,0.0,0.0
Andaman and Nicobar Islands,2022,600,0.79,0.0,0.0,0.0,0.0,0.0,0.0
Andaman and Nicobar Islands,2023,600,0.79,0.0,0.0,0.0,0.0,0.0,0.0
Andaman and Nicobar Islands,2024,600,0.79,0.0,0.0,0.0,0.0,0.0,0.0
Andhra Pradesh,2014,600,0.79,0.0,0.0,0.0,0.0,0.0,0.0
Andhra Pradesh,2015,600,0.79,0.0,0.0,0.0,0.0,0.0,0.0
Andhra Pradesh,2016,600,0.79,0.0,0.0,0.0,0.0,0.0,0.0
Andhra Pradesh,2017,600,0.79,0.0,0.0,0.0,0.0,0.0,0.0
Andhra Pradesh,2018,600,0.79,0.0,0.0,0.0,0.0,0.0,0.0
Andhra Pradesh,2019,600,0.79,0.0,0.0,0.0,0.0,0.0,0.0
Andhra Pradesh,2020,600,0.79,0.0,0.0,0.0,0.0,0.0,0.0
Andhra Pradesh,2021,600,0.79,0.0,0.0,0.0,0.0,0.0,0.0
Andhra Pradesh,2022,600,0.79,0.0,0.0,0.0,0.0,0.0,0.0
Andhra Pradesh,2023,600,0.79,0.0,0.0,0.0,0.0,0.0,0.0
Andhra Pradesh,2024,600,0.79,0.0,0.0,0.0,0.0,0.0,0.0
Arunachal Pradesh,2014,600,0.79,0.0,0.0,0.0,0.0,0.0,0.0
Arunachal Pradesh,2015,600,0.79,0.0,0.0,0.0,0.0,0.0,0.0
Arunachal Pradesh,2016,600,0.79,0.0,0.0,0.0,0.0,0.0,0.0
Arunachal Pradesh,2017,600,0.79,0.0,0.0,0.0,0.0,0.0,0.0
Arunachal Pradesh,2018,600,0.79,0.0,0.0,0.0,0.0,0.0,0.0
Arunachal Pradesh,2019,600,0.79,0.0,0.0,0.0,0.0,0.0,0.0
Arunachal Pradesh,2020,600,0.79,19.776679210039887,0.0,19.776679210039887,0.0,19.776679210039887,0.0
Arunachal Pradesh,2021,600,0.79,58.84873428284926,4.368878566625784,63.21761284947504,0.0,62.93170016353257,0.0
Arunachal Pradesh,2022,600,0.79,135.74476543361186,2.2872680946299813,138.03203352824184,0.0,137.8823477554667,0.0
Arunachal Pradesh,2023,600,0.79,191.63915966706745,83.29198525309461,274.93114492016207,0.0,269.48026436625696,0.0
Arunachal Pradesh,2024,600,0.79,259.39501932240063,24.72344934099505,284.1184686633957,0.0,282.5004910293078,0.0
Assam,2014,600,0.79,0.0,0.0,0.0,0.0,0.0,0.0
Assam,2015,600,0.79,0.0,0.0,0.0,0.0,0.0,0.0
Assam,2016,600,0.79,0.0,0.0,0.0,0.0,0.0,0.0
Assam,2017,600,0.79,0.0,0.0,0.0,0.0,0.0,0.0
Assam,2018,600,0.79,0.0,0.0,0.0,0.0,0.0,0.0
Assam,2019,600,0.79,0.0,0.0,0.0,0.0,0.0,0.0
Assam,2020,600,0.79,0.0,0.0,0.0,0.0,0.0,0.0
Assam,2021,600,0.79,0.0,0.0,0.0,0.0,0.0,0.0
Assam,2022,600,0.79,0.0,0.0,0.0,0.0,0.0,0.0
Assam,2023,600,0.79,0.0,0.0,0.0,0.0,0.0,0.0
Assam,2024,600,0.79,0.0,0.0,0.0,0.0,0.0,0.0
Bihar,2014,600,0.79,0.0,0.0,0.0,0.0,0.0,0.0
Bihar,2015,600,0.79,0.0,0.0,0.0,0.0,0.0,0.0
Bihar,2016,600,0.79,0.0,0.0,0.0,0.0,0.0,0.0
Bihar,2017,600,0.79,0.0,0.0,0.0,0.0,0.0,0.0
Bihar,2018,600,0.79,0.0,0.0,0.0,0.0,0.0,0.0
Bihar,2019,600,0.79,0.0,0.0,0.0,0.0,0.0,0.0
Bihar,2020,600,0.79,0.0,0.0,0.0,0.0,0.0,0.0
Bihar,2021,600,0.79,0.0,0.0,0.0,0.0,0.0,0.0
Bihar,2022,600,0.79,0.0,0.0,0.0,0.0,0.0,0.0
Bihar,2023,600,0.79,0.0,0.0,0.0,0.0,0.0,0.0
Bihar,2024,600,0.79,0.0,0.0,0.0,0.0,0.0,0.0
Chandigarh,2014,600,0.79,0.0,0.0,0.0,0.0,0.0,0.0
Chandigarh,2015,600,0.79,0.0,0.0,0.0,0.0,0.0,0.0
Chandigarh,2016,600,0.79,0.0,0.0,0.0,0.0,0.0,0.0
Chandigarh,2017,600,0.79,0.0,0.0,0.0,0.0,0.0,0.0
Chandigarh,2018,600,0.79,0.0,0.0,0.0,0.0,0.0,0.0
Chandigarh,2019,600,0.79,0.0,0.0,0.0,0.0,0.0,0.0
Chandigarh,2020,600,0.79,0.0,0.0,0.0,0.0,0.0,0.0
Chandigarh,2021,600,0.79,0.0,0.0,0.0,0.0,0.0,0.0
Chandigarh,2022,600,0.79,0.0,0.0,0.0,0.0,0.0,0.0
Chandigarh,2023,600,0.79,0.0,0.0,0.0,0.0,0.0,0.0
Chandigarh,2024,600,0.79,0.0,0.0,0.0,0.0,0.0,0.0
Chhattisgarh,2014,600,0.79,0.0,0.0,0.0,0.0,0.0,0.0
Chhattisgarh,2015,600,0.79,0.0,0.0,0.0,0.0,0.0,0.0
Chhattisgarh,2016,600,0.79,0.0,0.0,0.0,0.0,0.0,0.0
Chhattisgarh,2017,600,0.79,0.0,0.0,0.0,0.0,0.0,0.0
Chhattisgarh,2018,600,0.79,0.0,0.0,0.0,0.0,0.0,0.0
Chhattisgarh,2019,600,0.79,0.0,0.0,0.0,0.0,0.0,0.0
Chhattisgarh,2020,600,0.79,0.0,0.0,0.0,0.0,0.0,0.0
Chhattisgarh,2021,600,0.79,0.0,0.0,0.0,0.0,0.0,0.0
Chhattisgarh,2022,600,0.79,0.0,0.0,0.0,0.0,0.0,0.0
Chhattisgarh,2023,600,0.79,0.0,0.0,0.0,0.0,0.0,0.0
Chhattisgarh,2024,600,0.79,0.0,0.0,0.0,0.0,0.0,0.0
Dadra and Nagar Haveli and Daman and Diu,2014,600,0.79,0.0,0.0,0.0,0.0,0.0,0.0
Dadra and Nagar Haveli and Daman and Diu,2015,600,0.79,0.0,0.0,0.0,0.0,0.0,0.0
Dadra and Nagar Haveli and Daman and Diu,2016,600,0.79,0.0,0.0,0.0,0.0,0.0,0.0
Dadra and Nagar Haveli and Daman and Diu,2017,600,0.79,0.0,0.0,0.0,0.0,0.0,0.0
Dadra and Nagar Haveli and Daman and Diu,2018,600,0.79,0.0,0.0,0.0,0.0,0.0,0.0
Dadra and Nagar Haveli and Daman and Diu,2019,600,0.79,0.0,0.0,0.0,0.0,0.0,0.0
Dadra and Nagar Haveli and Daman and Diu,2020,600,0.79,0.0,0.0,0.0,0.0,0.0,0.0
Dadra and Nagar Haveli and Daman and Diu,2021,600,0.79,0.0,0.0,0.0,0.0,0.0,0.0
Dadra and Nagar Haveli and Daman and Diu,2022,600,0.79,0.0,0.0,0.0,0.0,0.0,0.0
Dadra and Nagar Haveli and Daman and Diu,2023,600,0.79,0.0,0.0,0.0,0.0,0.0,0.0
Dadra and Nagar Haveli and Daman and Diu,2024,600,0.79,0.0,0.0,0.0,0.0,0.0,0.0
Delhi,2014,600,0.79,0.0,0.0,0.0,0.0,0.0,0.0
Delhi,2015,600,0.79,0.0,0.0,0.0,0.0,0.0,0.0
Delhi,2016,600,0.79,0.0,0.0,0.0,0.0,0.0,0.0
Delhi,2017,600,0.79,0.0,0.0,0.0,0.0,0.0,0.0
Delhi,2018,600,0.79,0.0,0.0,0.0,0.0,0.0,0.0
Delhi,2019,600,0.79,0.0,0.0,0.0,0.0,0.0,0.0
Delhi,2020,600,0.79,0.0,0.0,0.0,0.0,0.0,0.0
Delhi,2021,600,0.79,0.0,0.0,0.0,0.0,0.0,0.0
Delhi,2022,600,0.79,0.0,0.0,0.0,0.0,0.0,0.0
Delhi,2023,600,0.79,0.0,0.0,0.0,0.0,0.0,0.0
Delhi,2024,600,0.79,0.0,0.0,0.0,0.0,0.0,0.0
Goa,2014,600,0.79,0.0,0.0,0.0,0.0,0.0,0.0
Goa,2015,600,0.79,0.0,0.0,0.0,0.0,0.0,0.0
Goa,2016,600,0.79,0.0,0.0,0.0,0.0,0.0,0.0
Goa,2017,600,0.79,0.0,0.0,0.0,0.0,0.0,0.0
Goa,2018,600,0.79,0.0,0.0,0.0,0.0,0.0,0.0
Goa,2019,600,0.79,0.0,0.0,0.0,0.0,0.0,0.0
Goa,2020,600,0.79,27.42000583714369,0.0,27.42000583714369,0.8825127303921221,26.53749310675157,0.8825127303921221
Goa,2021,600,0.79,81.59269917899375,6.057370629637136,87.65006980863089,1.8162074586112322,85.43744961387758,1.8162074586112322
Goa,2022,600,0.79,188.20764704833536,3.171255590474843,191.37890263881025,8.723751246239127,182.44761479253617,8.723751246239127
Goa,2023,600,0.79,265.7042075106654,115.482821841379,381.1870293520444,14.291243126833832,359.33823953002155,14.291243126833832
Goa,2024,600,0.79,359.6464739305381,34.278612604499195,393.9250865350373,19.297949651583675,372.3838403370579,19.297949651583675
Gujarat,2014,600,0.79,0.0,0.0,0.0,0.0,0.0,0.0
Gujarat,2015,600,0.79,0.0,0.0,0.0,0.0,0.0,0.0
Gujarat,2016,600,0.79,0.0,0.0,0.0,0.0,0.0,0.0
Gujarat,2017,600,0.79,0.0,0.0,0.0,0.0,0.0,0.0
Gujarat,2018,600,0.79,0.0,0.0,0.0,0.0,0.0,0.0
Gujarat,2019,600,0.79,0.0,0.0,0.0,0.0,0.0,0.0
Gujarat,2020,600,0.79,6702.169201751144,0.0,6702.169201751144,772.2011590221562,5929.968042728988,772.2011590221562
Gujarat,2021,600,0.79,19943.397487699523,1480.580387862344,21423.977875561868,2424.9431706729392,18902.14102634148,2424.9431706729392
Gujarat,2022,600,0.79,46002.88938934817,775.1381117713016,46778.02750111948,5772.887837646017,40954.41227058918,5772.887837646017
Gujarat,2023,600,0.79,64945.08305105378,28227.033082106365,93172.11613316016,8447.64850764007,82877.20482761513,8447.64850764007
Gujarat,2024,600,0.79,87907.0389485642,8378.59273412047,96285.63168268466,11161.262746103757,84576.04837410744,11161.262746103757
Haryana,2014,600,0.79,0.0,0.0,0.0,0.0,0.0,0.0
Haryana,2015,600,0.79,0.0,0.0,0.0,0.0,0.0,0.0
Haryana,2016,600,0.79,0.0,0.0,0.0,0.0,0.0,0.0
Haryana,2017,600,0.79,0.0,0.0,0.0,0.0,0.0,0.0
Haryana,2018,600,0.79,0.0,0.0,0.0,0.0,0.0,0.0
Haryana,2019,600,0.79,0.0,0.0,0.0,0.0,0.0,0.0
Haryana,2020,600,0.79,5383.6782210720885,0.0,5383.6782210720885,1953.5490587112172,3430.1291623608713,1953.5490587112172
Haryana,2021,600,0.79,16020.012547677608,1189.311721136242,17209.32426881385,5896.5803346233215,11234.911762060474,5896.5803346233215
Haryana,2022,600,0.79,36952.92468102898,622.648286703319,37575.5729677323,12258.02088718499,25276.804085075717,12258.02088718499
Haryana,2023,600,0.79,52168.69623290344,22674.04159386365,74842.73782676709,17823.167227052374,55535.71243464794,17823.167227052374
Haryana,2024,600,0.79,70613.43824961428,6730.3056470331285,77343.74389664741,22485.822977462394,54417.469271145004,22485.822977462394
Himachal Pradesh,2014,600,0.79,0.0,0.0,0.0,0.0,0.0,0.0
Himachal Pradesh,2015,600,0.79,0.0,0.0,0.0,0.0,0.0,0.0
Himachal Pradesh,2016,600,0.79,0.0,0.0,0.0,0.0,0.0,0.0
Himachal Pradesh,2017,600,0.79,0.0,0.0,0.0,0.0,0.0,0.0
Himachal Pradesh,2018,600,0.79,0.0,0.0,0.0,0.0,0.0,0.0
Himachal Pradesh,2019,600,0.79,0.0,0.0,0.0,0.0,0.0,0.0
Himachal Pradesh,2020,600,0.79,32.869731997276,0.0,32.869731997276,3.1288758277775433,29.740856169498457,3.1288758277775433
Himachal Pradesh,2021,600,0.79,97.80924814081877,7.261273042277516,105.07052118309628,8.95986245834247,95.63545895730348,8.95986245834247
Himachal Pradesh,2022,600,0.79,225.613916899192,3.801542639081719,229.41545953827367,20.074382592745348,209.09229244623657,20.074382592745348
Himachal Pradesh,2023,600,0.79,318.51291875341013,138.43503268235307,456.9479514357632,28.01826804189553,419.8700742930099,28.01826804189553
Himachal Pradesh,2024,600,0.79,431.12621062423256,41.0914868596434,472.217697483876,35.82599914006017,433.7025466088239,35.82599914006017
Jammu and Kashmir,2014,600,0.79,0.0,0.0,0.0,0.0,0.0,0.0
Jammu and Kashmir,2015,600,0.79,0.0,0.0,0.0,0.0,0.0,0.0
Jammu and Kashmir,2016,600,0.79,0.0,0.0,0.0,0.0,0.0,0.0
Jammu and Kashmir,2017,600,0.79,0.0,0.0,0.0,0.0,0.0,0.0
Jammu and Kashmir,2018,600,0.79,0.0,0.0,0.0,0.0,0.0,0.0
Jammu and Kashmir,2019,600,0.79,0.0,0.0,0.0,0.0,0.0,0.0
Jammu and Kashmir,2020,600,0.79,99.0547710866816,0.0,99.0547710866816,5.192090275455328,93.86268081122627,5.192090275455328
Jammu and Kashmir,2021,600,0.79,294.75362578411494,21.88225139956415,316.6358771836791,15.47526175060523,299.7285744237606,15.47526175060523
Jammu and Kashmir,2022,600,0.79,679.9001249621115,11.456160820590371,691.3562857827019,39.30233315644199,651.304226658634,39.30233315644199
Jammu and Kashmir,2023,600,0.79,959.8564496322788,417.1816939019817,1377.0381435342604,58.464024438728615,1291.2724816591615,58.464024438728615
Jammu and Kashmir,2024,600,0.79,1299.2228870740691,123.83148803375336,1423.0543751078226,67.79678850424223,1347.153677829726,67.79678850424223
Jharkhand,2014,600,0.79,0.0,0.0,0.0,0.0,0.0,0.0
Jharkhand,2015,600,0.79,0.0,0.0,0.0,0.0,0.0,0.0
Jharkhand,2016,600,0.79,0.0,0.0,0.0,0.0,0.0,0.0
Jharkhand,2017,600,0.79,0.0,0.0,0.0,0.0,0.0,0.0
Jharkhand,2018,600,0.79,0.0,0.0,0.0,0.0,0.0,0.0
Jharkhand,2019,600,0.79,0.0,0.0,0.0,0.0,0.0,0.0
Jharkhand,2020,600,0.79,1215.3574837240976,0.0,1215.3574837240976,104.61743873918913,1110.7400449849085,104.61743873918913
Jharkhand,2021,600,0.79,3616.494400234925,268.485381445379,3884.979781680304,364.0565242151436,3503.352758451583,364.0565242151436
Jharkhand,2022,600,0.79,8342.068695858654,140.56193997830937,8482.630635836964,634.6386468671627,7838.793188594005,634.6386468671627
Jharkhand,2023,600,0.79,11777.006867650856,5118.631724591824,16895.638592242678,930.1541356621138,15630.505646249681,930.1541356621138
Jharkhand,2024,600,0.79,15940.88039887869,1519.3566554286713,17460.23705430736,1173.4563987418016,16187.349340267252,1173.4563987418016
Karnataka,2014,600,0.79,0.0,0.0,0.0,0.0,0.0,0.0
Karnataka,2015,600,0.79,0.0,0.0,0.0,0.0,0.0,0.0
Karnataka,2016,600,0.79,0.0,0.0,0.0,0.0,0.0,0.0
Karnataka,2017,600,0.79,0.0,0.0,0.0,0.0,0.0,0.0
Karnataka,2018,600,0.79,0.0,0.0,0.0,0.0,0.0,0.0
Karnataka,2019,600,0.79,0.0,0.0,0.0,0.0,0.0,0.0
Karnataka,2020,600,0.79,814.4084483704642,0.0,814.4084483704642,131.59207820651207,682.8163701639521,131.59207820651207
Karnataka,2021,600,0.79,2423.4051564900883,179.91147941351,2603.316635903598,396.31065042226965,2195.232031701989,396.31065042226965
Karnataka,2022,600,0.79,5590.002376894371,94.19025510659095,5684.1926320009625,979.0295991628499,4698.998936396326,979.0295991628499
Karnataka,2023,600,0.79,7891.747093326151,3429.984162216259,11321.73125554241,1316.1083495019693,9781.154322259958,1316.1083495019693
Karnataka,2024,600,0.79,10681.949833829398,1018.1176426193816,11700.06747644878,1712.2643239623742,9921.17444093777,1712.2643239623742
Kerala,2014,600,0.79,0.0,0.0,0.0,0.0,0.0,0.0
Kerala,2015,600,0.79,0.0,0.0,0.0,0.0,0.0,0.0
Kerala,2016,600,0.79,0.0,0.0,0.0,0.0,0.0,0.0
Kerala,2017,600,0.79,0.0,0.0,0.0,0.0,0.0,0.0
Kerala,2018,600,0.79,0.0,0.0,0.0,0.0,0.0,0.0
Kerala,2019,600,0.79,0.0,0.0,0.0,0.0,0.0,0.0
Kerala,2020,600,0.79,451.4361211012745,0.0,451.4361211012745,52.641880731349545,398.794240369925,52.641880731349545
Kerala,2021,600,0.79,1343.3218011081583,99.7270357036884,1443.048836811847,164.1903897376074,1272.3320068895805,164.1903897376074
Kerala,2022,600,0.79,3098.603649092031,52.21075922768021,3150.814408319711,388.4212954182479,2758.976282202639,388.4212954182479
Kerala,2023,600,0.79,4374.487646403718,1901.280308091004,6275.767954494721,600.6050827002501,5550.737312391554,600.6050827002501
Kerala,2024,600,0.79,5921.1296351738965,564.3545082673236,6485.48414344122,745.8227737682804,5702.728296157217,745.8227737682804
Ladakh,2014,600,0.79,0.0,0.0,0.0,0.0,0.0,0.0
Ladakh,2015,600,0.79,0.0,0.0,0.0,0.0,0.0,0.0
Ladakh,2016,600,0.79,0.0,0.0,0.0,0.0,0.0,0.0
Ladakh,2017,600,0.79,0.0,0.0,0.0,0.0,0.0,0.0
Ladakh,2018,600,0.79,0.0,0.0,0.0,0.0,0.0,0.0
Ladakh,2019,600,0.79,0.0,0.0,0.0,0.0,0.0,0.0
Ladakh,2020,600,0.79,0.0,0.0,0.0,0.0,0.0,0.0
Ladakh,2021,600,0.79,0.0,0.0,0.0,0.0,0.0,0.0
Ladakh,2022,600,0.79,0.0,0.0,0.0,0.0,0.0,0.0
Ladakh,2023,600,0.79,0.0,0.0,0.0,0.0,0.0,0.0
Ladakh,2024,600,0.79,0.0,0.0,0.0,0.0,0.0,0.0
Lakshadweep,2014,600,0.79,0.0,0.0,0.0,0.0,0.0,0.0
Lakshadweep,2015,600,0.79,0.0,0.0,0.0,0.0,0.0,0.0
Lakshadweep,2016,600,0.79,0.0,0.0,0.0,0.0,0.0,0.0
Lakshadweep,2017,600,0.79,0.0,0.0,0.0,0.0,0.0,0.0
Lakshadweep,2018,600,0.79,0.0,0.0,0.0,0.0,0.0,0.0
Lakshadweep,2019,600,0.79,0.0,0.0,0.0,0.0,0.0,0.0
Lakshadweep,2020,600,0.79,0.0,0.0,0.0,0.0,0.0,0.0
Lakshadweep,2021,600,0.79,0.0,0.0,0.0,0.0,0.0,0.0
Lakshadweep,2022,600,0.79,0.0,0.0,0.0,0.0,0.0,0.0
Lakshadweep,2023,600,0.79,0.0,0.0,0.0,0.0,0.0,0.0
Lakshadweep,2024,600,0.79,0.0,0.0,0.0,0.0,0.0,0.0
Madhya Pradesh,2014,600,0.79,0.0,0.0,0.0,0.0,0.0,0.0
Madhya Pradesh,2015,600,0.79,0.0,0.0,0.0,0.0,0.0,0.0
Madhya Pradesh,2016,600,0.79,0.0,0.0,0.0,0.0,0.0,0.0
Madhya Pradesh,2017,600,0.79,0.0,0.0,0.0,0.0,0.0,0.0
Madhya Pradesh,2018,600,0.79,0.0,0.0,0.0,0.0,0.0,0.0
Madhya Pradesh,2019,600,0.79,0.0,0.0,0.0,0.0,0.0,0.0
Madhya Pradesh,2020,600,0.79,810.2954474948924,0.0,810.2954474948924,113.0621414389644,697.233306055928,113.0621414389644
Madhya Pradesh,2021,600,0.79,2411.1662516132387,179.00287381906438,2590.169125432303,341.82239054760976,2236.6322430157747,341.82239054760976
Madhya Pradesh,2022,600,0.79,5561.77122983712,93.71456676801972,5655.48579660514,797.0912769354502,4852.261553717909,797.0912769354502
Madhya Pradesh,2023,600,0.79,7851.891462199551,3412.661738940052,11264.553201139604,1161.0454274237757,9880.172821939625,1161.0454274237757
Madhya Pradesh,2024,600,0.79,10628.002862739811,1012.9758507287067,11640.97871346852,1453.6999748169158,10120.986521584928,1453.6999748169158
Maharashtra,2014,600,0.79,0.0,0.0,0.0,0.0,0.0,0.0
Maharashtra,2015,600,0.79,0.0,0.0,0.0,0.0,0.0,0.0
Maharashtra,2016,600,0.79,0.0,0.0,0.0,0.0,0.0,0.0
Maharashtra,2017,600,0.79,0.0,0.0,0.0,0.0,0.0,0.0
Maharashtra,2018,600,0.79,0.0,0.0,0.0,0.0,0.0,0.0
Maharashtra,2019,600,0.79,0.0,0.0,0.0,0.0,0.0,0.0
Maharashtra,2020,600,0.79,24918.58152964296,0.0,24918.58152964296,1596.1617456789713,23322.41978396399,1596.1617456789713
Maharashtra,2021,600,0.79,74149.30320551609,5504.7794222352,79654.08262775128,4800.825971453702,74493.007167526,4800.825971453702
Maharashtra,2022,600,0.79,171038.16918679216,2881.953835164288,173920.12302195645,10652.538129646446,163078.98107803406,10652.538129646446
Maharashtra,2023,600,0.79,241465.0090502456,104947.75706537192,346412.7661156175,32714.903169743215,306829.76289488724,32714.903169743215
Maharashtra,2024,600,0.79,326837.27478813234,31151.503321388,357988.7781095203,40563.53291684268,315386.5961778476,40563.53291684268
Manipur,2014,600,0.79,0.0,0.0,0.0,0.0,0.0,0.0
Manipur,2015,600,0.79,0.0,0.0,0.0,0.0,0.0,0.0
Manipur,2016,600,0.79,0.0,0.0,0.0,0.0,0.0,0.0
Manipur,2017,600,0.79,0.0,0.0,0.0,0.0,0.0,0.0
Manipur,2018,600,0.79,0.0,0.0,0.0,0.0,0.0,0.0
Manipur,2019,600,0.79,0.0,0.0,0.0,0.0,0.0,0.0
Manipur,2020,600,0.79,2.67345056912151,0.0,2.67345056912151,0.09830003586258518,2.575150533258925,0.09830003586258518
Manipur,2021,600,0.79,7.955288169951891,0.5905936363896207,8.545881806341512,0.2666073835421032,8.240624181025556,0.2666073835421032
Manipur,2022,600,0.79,18.350245587212697,0.3091974200712973,18.659443007284,0.5483638402227089,18.09084434855789,0.5483638402227089
Manipur,2023,600,0.79,25.90616023228988,11.259575129534454,37.16573536182433,0.8150422349475307,35.613832324095874,0.8150422349475307
Manipur,2024,600,0.79,35.06553120822747,3.342164728938672,38.40769593716614,1.0265986965459453,37.162375827346615,1.0265986965459453
Meghalaya,2014,600,0.79,0.0,0.0,0.0,0.0,0.0,0.0
Meghalaya,2015,600,0.79,0.0,0.0,0.0,0.0,0.0,0.0
Meghalaya,2016,600,0.79,0.0,0.0,0.0,0.0,0.0,0.0
Meghalaya,2017,600,0.79,0.0,0.0,0.0,0.0,0.0,0.0
Meghalaya,2018,600,0.79,0.0,0.0,0.0,0.0,0.0,0.0
Meghalaya,2019,600,0.79,0.0,0.0,0.0,0.0,0.0,0.0
Meghalaya,2020,600,0.79,3.3589507150501023,0.0,3.3589507150501023,0.1029976890071145,3.2559530260429876,0.1029976890071145
Meghalaya,2021,600,0.79,9.995105649426735,0.7420279021305491,10.737133551557283,0.2991559772648613,10.389417014115018,0.2991559772648613
Meghalaya,2022,600,0.79,23.05543676342108,0.3884788098331683,23.443915573254248,0.6889699531003265,22.729522386649645,0.6889699531003265
Meghalaya,2023,600,0.79,32.54876542005652,14.14664567556893,46.695411095625445,1.024027423395616,44.74558420206918,1.024027423395616
Meghalaya,2024,600,0.79,44.05669305649093,4.199130044051151,48.25582310054208,1.2898291315577266,46.69119014205088,1.2898291315577266
Mizoram,2014,600,0.79,0.0,0.0,0.0,0.0,0.0,0.0
Mizoram,2015,600,0.79,0.0,0.0,0.0,0.0,0.0,0.0
Mizoram,2016,600,0.79,0.0,0.0,0.0,0.0,0.0,0.0
Mizoram,2017,600,0.79,0.0,0.0,0.0,0.0,0.0,0.0
Mizoram,2018,600,0.79,0.0,0.0,0.0,0.0,0.0,0.0
Mizoram,2019,600,0.79,0.0,0.0,0.0,0.0,0.0,0.0
Mizoram,2020,600,0.79,1.3710002918571846,0.0,1.3710002918571846,0.055524360650735585,1.315475931206449,0.055524360650735585
Mizoram,2021,600,0.79,4.079634958949687,0.3028685314818568,4.382503490431544,0.16759438502233126,4.195088468602108,0.16759438502233126
Mizoram,2022,600,0.79,9.410382352416768,0.1585627795237421,9.56894513194051,0.37494963434031375,9.183618667598454,0.37494963434031375
Mizoram,2023,600,0.79,13.285210375533271,5.774141092068951,19.059351467602223,0.41797037689616967,18.263503755946605,0.41797037689616967
Mizoram,2024,600,0.79,17.9823236965269,1.7139306302249595,19.69625432675186,0.5264608700235617,19.057628629408512,0.5264608700235617
Nagaland,2014,600,0.79,0.0,0.0,0.0,0.0,0.0,0.0
Nagaland,2015,600,0.79,0.0,0.0,0.0,0.0,0.0,0.0
Nagaland,2016,600,0.79,0.0,0.0,0.0,0.0,0.0,0.0
Nagaland,2017,600,0.79,0.0,0.0,0.0,0.0,0.0,0.0
Nagaland,2018,600,0.79,0.0,0.0,0.0,0.0,0.0,0.0
Nagaland,2019,600,0.79,0.0,0.0,0.0,0.0,0.0,0.0
Nagaland,2020,600,0.79,2.227875474267925,0.0,2.227875474267925,0.06996422351064617,2.157911250757279,0.06996422351064617
Nagaland,2021,600,0.79,6.629406808293243,0.4921613636580174,7.121568171951261,0.08481802695383343,7.004541610185884,0.08481802695383343
Nagaland,2022,600,0.79,15.291871322677247,0.2576645167260811,15.54953583940333,0.4569698668522575,15.075703623798237,0.4569698668522575
Nagaland,2023,600,0.79,21.588466860241567,9.382979274612044,30.97144613485361,0.6792018624562757,29.67819360341323,0.6792018624562757
Nagaland,2024,600,0.79,29.221276006856225,2.78513727411556,32.006413280971785,0.8554989137882878,30.968646522788845,0.8554989137882878
Odisha,2014,600,0.79,0.0,0.0,0.0,0.0,0.0,0.0
Odisha,2015,600,0.79,0.0,0.0,0.0,0.0,0.0,0.0
Odisha,2016,600,0.79,0.0,0.0,0.0,0.0,0.0,0.0
Odisha,2017,600,0.79,0.0,0.0,0.0,0.0,0.0,0.0
Odisha,2018,600,0.79,0.0,0.0,0.0,0.0,0.0,0.0
Odisha,2019,600,0.79,0.0,0.0,0.0,0.0,0.0,0.0
Odisha,2020,600,0.79,195.9159417063917,0.0,195.9159417063917,18.96298872800953,176.95295297838217,18.96298872800953
Odisha,2021,600,0.79,582.9798356339104,43.27991314875734,626.2597487826678,59.05029659129446,564.3770831916381,59.05029659129446
Odisha,2022,600,0.79,1344.7436381603563,22.65862119394276,1367.402259354299,144.41928864247424,1221.5001217045758,144.41928864247424
Odisha,2023,600,0.79,1898.4565626637043,825.1247620566529,2723.5813247203573,221.375736364206,2448.206917219026,221.375736364206
Odisha,2024,600,0.79,2569.6740562336954,244.9206870591468,2814.5947432928424,290.2722871264542,2508.294102342391,290.2722871264542
Puducherry,2014,600,0.79,0.0,0.0,0.0,0.0,0.0,0.0
Puducherry,2015,600,0.79,0.0,0.0,0.0,0.0,0.0,0.0
Puducherry,2016,600,0.79,0.0,0.0,0.0,0.0,0.0,0.0
Puducherry,2017,600,0.79,0.0,0.0,0.0,0.0,0.0,0.0
Puducherry,2018,600,0.79,0.0,0.0,0.0,0.0,0.0,0.0
Puducherry,2019,600,0.79,0.0,0.0,0.0,0.0,0.0,0.0
Puducherry,2020,600,0.79,0.0,0.0,0.0,0.0,0.0,0.0
Puducherry,2021,600,0.79,0.0,0.0,0.0,0.0,0.0,0.0
Puducherry,2022,600,0.79,0.0,0.0,0.0,0.0,0.0,0.0
Puducherry,2023,600,0.79,0.0,0.0,0.0,0.0,0.0,0.0
Puducherry,2024,600,0.79,0.0,0.0,0.0,0.0,0.0,0.0
Punjab,2014,600,0.79,0.0,0.0,0.0,0.0,0.0,0.0
Punjab,2015,600,0.79,0.0,0.0,0.0,0.0,0.0,0.0
Punjab,2016,600,0.79,0.0,0.0,0.0,0.0,0.0,0.0
Punjab,2017,600,0.79,0.0,0.0,0.0,0.0,0.0,0.0
Punjab,2018,600,0.79,0.0,0.0,0.0,0.0,0.0,0.0
Punjab,2019,600,0.79,0.0,0.0,0.0,0.0,0.0,0.0
Punjab,2020,600,0.79,514.981984628855,0.0,514.981984628855,206.60319456230863,308.37879006654634,206.60319456230863
Punjab,2021,600,0.79,1532.4128814554765,113.76499213787248,1646.177873593349,621.6449587203809,1017.0877881722996,621.6449587203809
Punjab,2022,600,0.79,3534.774871126549,59.56014405860565,3594.3350151851546,1393.4694704414226,2196.967747974327,1393.4694704414226
Punjab,2023,600,0.79,4990.257147309684,2168.911747708399,7159.168895018083,2056.827209061528,4960.401512087537,2056.827209061528
Punjab,2024,600,0.79,6754.6103385079205,643.7951929782505,7398.405531486171,2481.7067962519136,4874.566821972263,2481.7067962519136
Rajasthan,2014,600,0.79,0.0,0.0,0.0,0.0,0.0,0.0
Rajasthan,2015,600,0.79,0.0,0.0,0.0,0.0,0.0,0.0
Rajasthan,2016,600,0.79,0.0,0.0,0.0,0.0,0.0,0.0
Rajasthan,2017,600,0.79,0.0,0.0,0.0,0.0,0.0,0.0
Rajasthan,2018,600,0.79,0.0,0.0,0.0,0.0,0.0,0.0
Rajasthan,2019,600,0.79,0.0,0.0,0.0,0.0,0.0,0.0
Rajasthan,2020,600,0.79,5343.782112579045,0.0,5343.782112579045,1793.5043034496218,3550.277809129423,1793.5043034496218
Rajasthan,2021,600,0.79,15901.295170372174,1180.49824687012,17081.793417242294,5503.5422638465825,11500.995761796741,5503.5422638465825
Rajasthan,2022,600,0.79,36679.08255457365,618.0341098191781,37297.11666439282,13181.6656414279,24075.00499324638,13181.6656414279
Rajasthan,2023,600,0.79,51782.096610975415,22506.01408808445,74288.11069905986,19389.296302462375,53425.95246197222,19389.296302462375
Rajasthan,2024,600,0.79,70090.15263004534,6680.4302656935815,76770.58289573892,24601.01393877139,51732.38130540252,24601.01393877139
Sikkim,2014,600,0.79,0.0,0.0,0.0,0.0,0.0,0.0
Sikkim,2015,600,0.79,0.0,0.0,0.0,0.0,0.0,0.0
Sikkim,2016,600,0.79,0.0,0.0,0.0,0.0,0.0,0.0
Sikkim,2017,600,0.79,0.0,0.0,0.0,0.0,0.0,0.0
Sikkim,2018,600,0.79,0.0,0.0,0.0,0.0,0.0,0.0
Sikkim,2019,600,0.79,0.0,0.0,0.0,0.0,0.0,0.0
Sikkim,2020,600,0.79,0.0,0.0,0.0,0.0,0.0,0.0
Sikkim,2021,600,0.79,0.0,0.0,0.0,0.0,0.0,0.0
Sikkim,2022,600,0.79,0.0,0.0,0.0,0.0,0.0,0.0
Sikkim,2023,600,0.79,0.0,0.0,0.0,0.0,0.0,0.0
Sikkim,2024,600,0.79,0.0,0.0,0.0,0.0,0.0,0.0
Tamil Nadu,2014,600,0.79,0.0,0.0,0.0,0.0,0.0,0.0
Tamil Nadu,2015,600,0.79,0.0,0.0,0.0,0.0,0.0,0.0
Tamil Nadu,2016,600,0.79,0.0,0.0,0.0,0.0,0.0,0.0
Tamil Nadu,2017,600,0.79,0.0,0.0,0.0,0.0,0.0,0.0
Tamil Nadu,2018,600,0.79,0.0,0.0,0.0,0.0,0.0,0.0
Tamil Nadu,2019,600,0.79,0.0,0.0,0.0,0.0,0.0,0.0
Tamil Nadu,2020,600,0.79,143.5094555501508,0.0,143.5094555501508,27.70650035909166,115.80295519105913,27.70650035909166
Tamil Nadu,2021,600,0.79,427.0357893280587,31.702763532863365,458.738552860922,88.65171720331998,368.0121104998185,88.65171720331998
Tamil Nadu,2022,600,0.79,985.0317727392252,16.597558946647716,1001.6293316858728,180.22591503103536,820.317221974405,180.22591503103536
Tamil Nadu,2023,600,0.79,1390.629396058945,604.4082188123174,1995.0376148712623,258.6912037192592,1696.792101136058,258.6912037192592
Tamil Nadu,2024,600,0.79,1882.299732933954,179.40568871879768,2061.705421652752,327.38139775737073,1722.5831705956823,327.38139775737073
Telangana,2014,600,0.79,0.0,0.0,0.0,0.0,0.0,0.0
Telangana,2015,600,0.79,0.0,0.0,0.0,0.0,0.0,0.0
Telangana,2016,600,0.79,0.0,0.0,0.0,0.0,0.0,0.0
Telangana,2017,600,0.79,0.0,0.0,0.0,0.0,0.0,0.0
Telangana,2018,600,0.79,0.0,0.0,0.0,0.0,0.0,0.0
Telangana,2019,600,0.79,0.0,0.0,0.0,0.0,0.0,0.0
Telangana,2020,600,0.79,0.0,0.0,0.0,0.0,0.0,0.0
Telangana,2021,600,0.79,0.0,0.0,0.0,0.0,0.0,0.0
Telangana,2022,600,0.79,0.0,0.0,0.0,0.0,0.0,0.0
Telangana,2023,600,0.79,0.0,0.0,0.0,0.0,0.0,0.0
Telangana,2024,600,0.79,0.0,0.0,0.0,0.0,0.0,0.0
Tripura,2014,600,0.79,0.0,0.0,0.0,0.0,0.0,0.0
Tripura,2015,600,0.79,0.0,0.0,0.0,0.0,0.0,0.0
Tripura,2016,600,0.79,0.0,0.0,0.0,0.0,0.0,0.0
Tripura,2017,600,0.79,0.0,0.0,0.0,0.0,0.0,0.0
Tripura,2018,600,0.79,0.0,0.0,0.0,0.0,0.0,0.0
Tripura,2019,600,0.79,0.0,0.0,0.0,0.0,0.0,0.0
Tripura,2020,600,0.79,180.14943835003405,0.0,180.14943835003405,5.471925742129993,174.67751260790405,5.471925742129993
Tripura,2021,600,0.79,536.0640336059889,39.79692503671598,575.8609586427049,16.33291079235129,556.9236161739002,16.33291079235129
Tripura,2022,600,0.79,1236.5242411075633,20.83514922941972,1257.359390336983,36.95128646423792,1219.0445884105159,36.95128646423792
Tripura,2023,600,0.79,1745.6766433450716,758.7221394978602,2504.398782842932,54.92130752415669,2399.824393531383,54.92130752415669
Tripura,2024,600,0.79,2362.877333723636,225.21048481155967,2588.087818535196,69.17695832109601,2504.17240190428,69.17695832109601
Uttar Pradesh,2014,600,0.79,0.0,0.0,0.0,0.0,0.0,0.0
Uttar Pradesh,2015,600,0.79,0.0,0.0,0.0,0.0,0.0,0.0
Uttar Pradesh,2016,600,0.79,0.0,0.0,0.0,0.0,0.0,0.0
Uttar Pradesh,2017,600,0.79,0.0,0.0,0.0,0.0,0.0,0.0
Uttar Pradesh,2018,600,0.79,0.0,0.0,0.0,0.0,0.0,0.0
Uttar Pradesh,2019,600,0.79,0.0,0.0,0.0,0.0,0.0,0.0
Uttar Pradesh,2020,600,0.79,2413.234713727016,0.0,2413.234713727016,423.6610078991361,1989.5737058278796,423.6610078991361
Uttar Pradesh,2021,600,0.79,7180.97345474324,533.1091891143643,7714.082643857604,1243.7151364935876,6435.479222456153,1243.7151364935876
Uttar Pradesh,2022,600,0.79,16564.155016723995,279.1022045176909,16843.257221241685,2877.5782830809712,13947.413641991645,2877.5782830809712
Uttar Pradesh,2023,600,0.79,23384.627303013665,10163.643150259768,33548.270453273435,4164.715418121461,28718.415350508392,4164.715418121461
Uttar Pradesh,2024,600,0.79,31652.486170626664,3016.860695321974,34669.34686594864,5222.748322369608,29249.166014530743,5222.748322369608
Uttarakhand,2014,600,0.79,0.0,0.0,0.0,0.0,0.0,0.0
Uttarakhand,2015,600,0.79,0.0,0.0,0.0,0.0,0.0,0.0
Uttarakhand,2016,600,0.79,0.0,0.0,0.0,0.0,0.0,0.0
Uttarakhand,2017,600,0.79,0.0,0.0,0.0,0.0,0.0,0.0
Uttarakhand,2018,600,0.79,0.0,0.0,0.0,0.0,0.0,0.0
Uttarakhand,2019,600,0.79,0.0,0.0,0.0,0.0,0.0,0.0
Uttarakhand,2020,600,0.79,46.853934974219285,0.0,46.853934974219285,5.5345634540012805,41.319371520218006,5.5345634540012805
Uttarakhand,2021,600,0.79,139.42152472210557,10.350532063392455,149.77205678549802,16.3423290561625,132.75235746645276,16.3423290561625
Uttarakhand,2022,600,0.79,321.59981689384307,5.418882990223889,327.01869988406696,37.29222969073241,289.37184202802496,37.29222969073241
Uttarakhand,2023,600,0.79,454.0220645838496,197.3312718214564,651.353336405306,59.067765929340084,579.3716125605616,59.067765929340084
Uttarakhand,2024,600,0.79,614.545912328807,58.57357928793801,673.1194916167451,77.06247875822213,592.2237798848693,77.06247875822213
West Bengal,2014,600,0.79,0.0,0.0,0.0,0.0,0.0,0.0
West Bengal,2015,600,0.79,0.0,0.0,0.0,0.0,0.0,0.0
West Bengal,2016,600,0.79,0.0,0.0,0.0,0.0,0.0,0.0
West Bengal,2017,600,0.79,0.0,0.0,0.0,0.0,0.0,0.0
West Bengal,2018,600,0.79,0.0,0.0,0.0,0.0,0.0,0.0
West Bengal,2019,600,0.79,0.0,0.0,0.0,0.0,0.0,0.0
West Bengal,2020,600,0.79,0.6855001459285923,0.0,0.6855001459285923,0.061853635282017635,0.6236465106465747,0.061853635282017635
West Bengal,2021,600,0.79,2.039817479474844,0.1514342657409284,2.191251745215772,0.18663894196139003,1.99470248485083,0.18663894196139003
West Bengal,2022,600,0.79,4.705191176208384,0.079281389761871,4.784472565970255,0.43463083769755817,4.3446533132718255,0.43463083769755817
West Bengal,2023,600,0.79,6.642605187766636,2.8870705460344754,9.529675733801112,0.7491701035486947,8.591566962872692,0.7491701035486947
West Bengal,2024,600,0.79,8.99116184826345,0.8569653151124798,9.84812716337593,0.9608963799670048,8.83114836974903,0.9608963799670048
Andaman and Nicobar Islands,2014,800,0.71,0.0,0.0,0.0,0.0,0.0,0.0
Andaman and Nicobar Islands,2015,800,0.71,0.0,0.0,0.0,0.0,0.0,0.0
Andaman and Nicobar Islands,2016,800,0.71,0.0,0.0,0.0,0.0,0.0,0.0
Andaman and Nicobar Islands,2017,800,0.71,0.0,0.0,0.0,0.0,0.0,0.0
Andaman and Nicobar Islands,2018,800,0.71,0.0,0.0,0.0,0.0,0.0,0.0
Andaman and Nicobar Islands,2019,800,0.71,0.0,0.0,0.0,0.0,0.0,0.0
Andaman and Nicobar Islands,2020,800,0.71,0.0,0.0,0.0,0.0,0.0,0.0
Andaman and Nicobar Islands,2021,800,0.71,0.0,0.0,0.0,0.0,0.0,0.0
Andaman and Nicobar Islands,2022,800,0.71,0.0,0.0,0.0,0.0,0.0,0.0
Andaman and Nicobar Islands,2023,800,0.71,0.0,0.0,0.0,0.0,0.0,0.0
Andaman and Nicobar Islands,2024,800,0.71,0.0,0.0,0.0,0.0,0.0,0.0
Andhra Pradesh,2014,800,0.71,0.0,0.0,0.0,0.0,0.0,0.0
Andhra Pradesh,2015,800,0.71,0.0,0.0,0.0,0.0,0.0,0.0
Andhra Pradesh,2016,800,0.71,0.0,0.0,0.0,0.0,0.0,0.0
Andhra Pradesh,2017,800,0.71,0.0,0.0,0.0,0.0,0.0,0.0
Andhra Pradesh,2018,800,0.71,0.0,0.0,0.0,0.0,0.0,0.0
Andhra Pradesh,2019,800,0.71,0.0,0.0,0.0,0.0,0.0,0.0
Andhra Pradesh,2020,800,0.71,0.0,0.0,0.0,0.0,0.0,0.0
Andhra Pradesh,2021,800,0.71,0.0,0.0,0.0,0.0,0.0,0.0
Andhra Pradesh,2022,800,0.71,0.0,0.0,0.0,0.0,0.0,0.0
Andhra Pradesh,2023,800,0.71,0.0,0.0,0.0,0.0,0.0,0.0
Andhra Pradesh,2024,800,0.71,0.0,0.0,0.0,0.0,0.0,0.0
Arunachal Pradesh,2014,800,0.71,0.0,0.0,0.0,0.0,0.0,0.0
Arunachal Pradesh,2015,800,0.71,0.0,0.0,0.0,0.0,0.0,0.0
Arunachal Pradesh,2016,800,0.71,0.0,0.0,0.0,0.0,0.0,0.0
Arunachal Pradesh,2017,800,0.71,0.0,0.0,0.0,0.0,0.0,0.0
Arunachal Pradesh,2018,800,0.71,0.0,0.0,0.0,0.0,0.0,0.0
Arunachal Pradesh,2019,800,0.71,0.0,0.0,0.0,0.0,0.0,0.0
Arunachal Pradesh,2020,800,0.71,26.36890561338652,0.0,26.36890561338652,0.0,19.776679210039887,0.0
Arunachal Pradesh,2021,800,0.71,78.464979043799,3.926460483929502,82.39143952772851,0.0,62.93170016353257,0.0
Arunachal Pradesh,2022,800,0.71,180.9930205781492,2.0556460090978312,183.048666587247,0.0,137.8823477554667,0.0
Arunachal Pradesh,2023,800,0.71,255.51887955609,74.8573538350597,330.37623339114964,0.0,269.48026436625696,0.0
Arunachal Pradesh,2024,800,0.71,345.86002576320084,22.219808901400608,368.07983466460144,0.0,282.5004910293078,0.0
Assam,2014,800,0.71,0.0,0.0,0.0,0.0,0.0,0.0
Assam,2015,800,0.71,0.0,0.0,0.0,0.0,0.0,0.0
Assam,2016,800,0.71,0.0,0.0,0.0,0.0,0.0,0.0
Assam,2017,800,0.71,0.0,0.0,0.0,0.0,0.0,0.0
Assam,2018,800,0.71,0.0,0.0,0.0,0.0,0.0,0.0
Assam,2019,800,0.71,0.0,0.0,0.0,0.0,0.0,0.0
Assam,2020,800,0.71,0.0,0.0,0.0,0.0,0.0,0.0
Assam,2021,800,0.71,0.0,0.0,0.0,0.0,0.0,0.0
Assam,2022,800,0.71,0.0,0.0,0.0,0.0,0.0,0.0
Assam,2023,800,0.71,0.0,0.0,0.0,0.0,0.0,0.0
Assam,2024,800,0.71,0.0,0.0,0.0,0.0,0.0,0.0
Bihar,2014,800,0.71,0.0,0.0,0.0,0.0,0.0,0.0
Bihar,2015,800,0.71,0.0,0.0,0.0,0.0,0.0,0.0
Bihar,2016,800,0.71,0.0,0.0,0.0,0.0,0.0,0.0
Bihar,2017,800,0.71,0.0,0.0,0.0,0.0,0.0,0.0
Bihar,2018,800,0.71,0.0,0.0,0.0,0.0,0.0,0.0
Bihar,2019,800,0.71,0.0,0.0,0.0,0.0,0.0,0.0
Bihar,2020,800,0.71,0.0,0.0,0.0,0.0,0.0,0.0
Bihar,2021,800,0.71,0.0,0.0,0.0,0.0,0.0,0.0
Bihar,2022,800,0.71,0.0,0.0,0.0,0.0,0.0,0.0
Bihar,2023,800,0.71,0.0,0.0,0.0,0.0,0.0,0.0
Bihar,2024,800,0.71,0.0,0.0,0.0,0.0,0.0,0.0
Chandigarh,2014,800,0.71,0.0,0.0,0.0,0.0,0.0,0.0
Chandigarh,2015,800,0.71,0.0,0.0,0.0,0.0,0.0,0.0
Chandigarh,2016,800,0.71,0.0,0.0,0.0,0.0,0.0,0.0
Chandigarh,2017,800,0.71,0.0,0.0,0.0,0.0,0.0,0.0
Chandigarh,2018,800,0.71,0.0,0.0,0.0,0.0,0.0,0.0
Chandigarh,2019,800,0.71,0.0,0.0,0.0,0.0,0.0,0.0
Chandigarh,2020,800,0.71,0.0,0.0,0.0,0.0,0.0,0.0
Chandigarh,2021,800,0.71,0.0,0.0,0.0,0.0,0.0,0.0
Chandigarh,2022,800,0.71,0.0,0.0,0.0,0.0,0.0,0.0
Chandigarh,2023,800,0.71,0.0,0.0,0.0,0.0,0.0,0.0
Chandigarh,2024,800,0.71,0.0,0.0,0.0,0.0,0.0,0.0
Chhattisgarh,2014,800,0.71,0.0,0.0,0.0,0.0,0.0,0.0
Chhattisgarh,2015,800,0.71,0.0,0.0,0.0,0.0,0.0,0.0
Chhattisgarh,2016,800,0.71,0.0,0.0,0.0,0.0,0.0,0.0
Chhattisgarh,2017,800,0.71,0.0,0.0,0.0,0.0,0.0,0.0
Chhattisgarh,2018,800,0.71,0.0,0.0,0.0,0.0,0.0,0.0
Chhattisgarh,2019,800,0.71,0.0,0.0,0.0,0.0,0.0,0.0
Chhattisgarh,2020,800,0.71,0.0,0.0,0.0,0.0,0.0,0.0
Chhattisgarh,2021,800,0.71,0.0,0.0,0.0,0.0,0.0,0.0
Chhattisgarh,2022,800,0.71,0.0,0.0,0.0,0.0,0.0,0.0
Chhattisgarh,2023,800,0.71,0.0,0.0,0.0,0.0,0.0,0.0
Chhattisgarh,2024,800,0.71,0.0,0.0,0.0,0.0,0.0,0.0
Dadra and Nagar Haveli and Daman and Diu,2014,800,0.71,0.0,0.0,0.0,0.0,0.0,0.0
Dadra and Nagar Haveli and Daman and Diu,2015,800,0.71,0.0,0.0,0.0,0.0,0.0,0.0
Dadra and Nagar Haveli and Daman and Diu,2016,800,0.71,0.0,0.0,0.0,0.0,0.0,0.0
Dadra and Nagar Haveli and Daman and Diu,2017,800,0.71,0.0,0.0,0.0,0.0,0.0,0.0
Dadra and Nagar Haveli and Daman and Diu,2018,800,0.71,0.0,0.0,0.0,0.0,0.0,0.0
Dadra and Nagar Haveli and Daman and Diu,2019,800,0.71,0.0,0.0,0.0,0.0,0.0,0.0
Dadra and Nagar Haveli and Daman and Diu,2020,800,0.71,0.0,0.0,0.0,0.0,0.0,0.0
Dadra and Nagar Haveli and Daman and Diu,2021,800,0.71,0.0,0.0,0.0,0.0,0.0,0.0
Dadra and Nagar Haveli and Daman and Diu,2022,800,0.71,0.0,0.0,0.0,0.0,0.0,0.0
Dadra and Nagar Haveli and Daman and Diu,2023,800,0.71,0.0,0.0,0.0,0.0,0.0,0.0
Dadra and Nagar Haveli and Daman and Diu,2024,800,0.71,0.0,0.0,0.0,0.0,0.0,0.0
Delhi,2014,800,0.71,0.0,0.0,0.0,0.0,0.0,0.0
Delhi,2015,800,0.71,0.0,0.0,0.0,0.0,0.0,0.0
Delhi,2016,800,0.71,0.0,0.0,0.0,0.0,0.0,0.0
Delhi,2017,800,0.71,0.0,0.0,0.0,0.0,0.0,0.0
Delhi,2018,800,0.71,0.0,0.0,0.0,0.0,0.0,0.0
Delhi,2019,800,0.71,0.0,0.0,0.0,0.0,0.0,0.0
Delhi,2020,800,0.71,0.0,0.0,0.0,0.0,0.0,0.0
Delhi,2021,800,0.71,0.0,0.0,0.0,0.0,0.0,0.0
Delhi,2022,800,0.71,0.0,0.0,0.0,0.0,0.0,0.0
Delhi,2023,800,0.71,0.0,0.0,0.0,0.0,0.0,0.0
Delhi,2024,800,0.71,0.0,0.0,0.0,0.0,0.0,0.0
Goa,2014,800,0.71,0.0,0.0,0.0,0.0,0.0,0.0
Goa,2015,800,0.71,0.0,0.0,0.0,0.0,0.0,0.0
Goa,2016,800,0.71,0.0,0.0,0.0,0.0,0.0,0.0
Goa,2017,800,0.71,0.0,0.0,0.0,0.0,0.0,0.0
Goa,2018,800,0.71,0.0,0.0,0.0,0.0,0.0,0.0
Goa,2019,800,0.71,0.0,0.0,0.0,0.0,0.0,0.0
Goa,2020,800,0.71,36.56000778285826,0.0,36.56000778285826,0.8825127303921221,26.53749310675157,0.8825127303921221
Goa,2021,800,0.71,108.79026557199168,5.443966008914387,114.23423158090606,1.8162074586112322,85.43744961387758,1.8162074586112322
Goa,2022,800,0.71,250.94352939778048,2.85011578384448,253.79364518162487,8.723751246239127,182.44761479253617,8.723751246239127
Goa,2023,800,0.71,354.2722766808872,103.7883588701001,458.0606355509873,14.291243126833832,359.33823953002155,14.291243126833832
Goa,2024,800,0.71,479.5286319073841,30.80736069518282,510.3359926025669,19.297949651583675,372.3838403370579,19.297949651583675
Gujarat,2014,800,0.71,0.0,0.0,0.0,0.0,0.0,0.0
Gujarat,2015,800,0.71,0.0,0.0,0.0,0.0,0.0,0.0
Gujarat,2016,800,0.71,0.0,0.0,0.0,0.0,0.0,0.0
Gujarat,2017,800,0.71,0.0,0.0,0.0,0.0,0.0,0.0
Gujarat,2018,800,0.71,0.0,0.0,0.0,0.0,0.0,0.0
Gujarat,2019,800,0.71,0.0,0.0,0.0,0.0,0.0,0.0
Gujarat,2020,800,0.71,8936.225602334858,0.0,8936.225602334858,772.2011590221562,5929.968042728988,772.2011590221562
Gujarat,2021,800,0.71,26591.19665026603,1330.64819668641,27921.84484695244,2424.9431706729392,18902.14102634148,2424.9431706729392
Gujarat,2022,800,0.71,61337.18585246424,696.6431131109166,62033.82896557516,5772.887837646017,40954.41227058918,5772.887837646017
Gujarat,2023,800,0.71,86593.44406807171,25368.59935227281,111962.04342034452,8447.64850764007,82877.20482761513,8447.64850764007
Gujarat,2024,800,0.71,117209.38526475224,7530.127647120928,124739.51291187316,11161.262746103757,84576.04837410744,11161.262746103757
Haryana,2014,800,0.71,0.0,0.0,0.0,0.0,0.0,0.0
Haryana,2015,800,0.71,0.0,0.0,0.0,0.0,0.0,0.0
Haryana,2016,800,0.71,0.0,0.0,0.0,0.0,0.0,0.0
Haryana,2017,800,0.71,0.0,0.0,0.0,0.0,0.0,0.0
Haryana,2018,800,0.71,0.0,0.0,0.0,0.0,0.0,0.0
Haryana,2019,800,0.71,0.0,0.0,0.0,0.0,0.0,0.0
Haryana,2020,800,0.71,7178.23762809612,0.0,7178.23762809612,1953.5490587112172,3430.1291623608713,1953.5490587112172
Haryana,2021,800,0.71,21360.016730236814,1068.875091147762,22428.89182138457,5896.5803346233215,11234.911762060474,5896.5803346233215
Haryana,2022,800,0.71,49270.56624137198,559.595295644755,49830.161537016735,12258.02088718499,25276.804085075717,12258.02088718499
Haryana,2023,800,0.71,69558.26164387123,20377.936116004043,89936.19775987527,17823.167227052374,55535.71243464794,17823.167227052374
Haryana,2024,800,0.71,94151.2509994857,6048.755708093064,100200.00670757877,22485.822977462394,54417.469271145004,22485.822977462394
Himachal Pradesh,2014,800,0.71,0.0,0.0,0.0,0.0,0.0,0.0
Himachal Pradesh,2015,800,0.71,0.0,0.0,0.0,0.0,0.0,0.0
Himachal Pradesh,2016,800,0.71,0.0,0.0,0.0,0.0,0.0,0.0
Himachal Pradesh,2017,800,0.71,0.0,0.0,0.0,0.0,0.0,0.0
Himachal Pradesh,2018,800,0.71,0.0,0.0,0.0,0.0,0.0,0.0
Himachal Pradesh,2019,800,0.71,0.0,0.0,0.0,0.0,0.0,0.0
Himachal Pradesh,2020,800,0.71,43.82630932970134,0.0,43.82630932970134,3.1288758277775433,29.740856169498457,3.1288758277775433
Himachal Pradesh,2021,800,0.71,130.412330854425,6.5259542531861205,136.9382851076111,8.95986245834247,95.63545895730348,8.95986245834247
Himachal Pradesh,2022,800,0.71,300.81855586558936,3.4165762958835697,304.2351321614729,20.074382592745348,209.09229244623657,20.074382592745348
Himachal Pradesh,2023,800,0.71,424.68389167121353,124.4162951955325,549.1001868667461,28.01826804189553,419.8700742930099,28.01826804189553
Himachal Pradesh,2024,800,0.71,574.8349474989767,36.9303236333504,611.7652711323271,35.82599914006017,433.7025466088239,35.82599914006017
Jammu and Kashmir,2014,800,0.71,0.0,0.0,0.0,0.0,0.0,0.0
Jammu and Kashmir,2015,800,0.71,0.0,0.0,0.0,0.0,0.0,0.0
Jammu and Kashmir,2016,800,0.71,0.0,0.0,0.0,0.0,0.0,0.0
Jammu and Kashmir,2017,800,0.71,0.0,0.0,0.0,0.0,0.0,0.0
Jammu and Kashmir,2018,800,0.71,0.0,0.0,0.0,0.0,0.0,0.0
Jammu and Kashmir,2019,800,0.71,0.0,0.0,0.0,0.0,0.0,0.0
Jammu and Kashmir,2020,800,0.71,132.07302811557545,0.0,132.07302811557545,5.192090275455328,93.86268081122627,5.192090275455328
Jammu and Kashmir,2021,800,0.71,393.00483437882,19.666327207203224,412.6711615860232,15.47526175060523,299.7285744237606,15.47526175060523
Jammu and Kashmir,2022,800,0.71,906.533499949482,10.29604326913818,916.82954321862,39.30233315644199,651.304226658634,39.30233315644199
Jammu and Kashmir,2023,800,0.71,1279.8085995097051,374.9354464182366,1654.7440459279417,58.464024438728615,1291.2724816591615,58.464024438728615
Jammu and Kashmir,2024,800,0.71,1732.2971827654253,111.29159051134792,1843.5887732767733,67.79678850424223,1347.153677829726,67.79678850424223
Jharkhand,2014,800,0.71,0.0,0.0,0.0,0.0,0.0,0.0
Jharkhand,2015,800,0.71,0.0,0.0,0.0,0.0,0.0,0.0
Jharkhand,2016,800,0.71,0.0,0.0,0.0,0.0,0.0,0.0
Jharkhand,2017,800,0.71,0.0,0.0,0.0,0.0,0.0,0.0
Jharkhand,2018,800,0.71,0.0,0.0,0.0,0.0,0.0,0.0
Jharkhand,2019,800,0.71,0.0,0.0,0.0,0.0,0.0,0.0
Jharkhand,2020,800,0.71,1620.4766449654635,0.0,1620.4766449654635,104.61743873918913,1110.7400449849085,104.61743873918913
Jharkhand,2021,800,0.71,4821.992533646567,241.2969883876191,5063.289522034186,364.0565242151436,3503.352758451583,364.0565242151436
Jharkhand,2022,800,0.71,11122.758261144872,126.32781947417676,11249.086080619049,634.6386468671627,7838.793188594005,634.6386468671627
Jharkhand,2023,800,0.71,15702.675823534471,4600.2892714686,20302.96509500308,930.1541356621138,15630.505646249681,930.1541356621138
Jharkhand,2024,800,0.71,21254.50719850492,1365.4977536131096,22620.004952118023,1173.4563987418016,16187.349340267252,1173.4563987418016
Karnataka,2014,800,0.71,0.0,0.0,0.0,0.0,0.0,0.0
Karnataka,2015,800,0.71,0.0,0.0,0.0,0.0,0.0,0.0
Karnataka,2016,800,0.71,0.0,0.0,0.0,0.0,0.0,0.0
Karnataka,2017,800,0.71,0.0,0.0,0.0,0.0,0.0,0.0
Karnataka,2018,800,0.71,0.0,0.0,0.0,0.0,0.0,0.0
Karnataka,2019,800,0.71,0.0,0.0,0.0,0.0,0.0,0.0
Karnataka,2020,800,0.71,1085.8779311606188,0.0,1085.8779311606188,131.59207820651207,682.8163701639521,131.59207820651207
Karnataka,2021,800,0.71,3231.206875320118,161.69259542226845,3392.8994707423863,396.31065042226965,2195.232031701989,396.31065042226965
Karnataka,2022,800,0.71,7453.336502525827,84.65200142491085,7537.988503950738,979.0295991628499,4698.998936396326,979.0295991628499
Karnataka,2023,800,0.71,10522.329457768205,3082.643993890561,13604.973451658763,1316.1083495019693,9781.154322259958,1316.1083495019693
Karnataka,2024,800,0.71,14242.599778439197,915.0171218477988,15157.616900286994,1712.2643239623742,9921.17444093777,1712.2643239623742
Kerala,2014,800,0.71,0.0,0.0,0.0,0.0,0.0,0.0
Kerala,2015,800,0.71,0.0,0.0,0.0,0.0,0.0,0.0
Kerala,2016,800,0.71,0.0,0.0,0.0,0.0,0.0,0.0
Kerala,2017,800,0.71,0.0,0.0,0.0,0.0,0.0,0.0
Kerala,2018,800,0.71,0.0,0.0,0.0,0.0,0.0,0.0
Kerala,2019,800,0.71,0.0,0.0,0.0,0.0,0.0,0.0
Kerala,2020,800,0.71,601.9148281350325,0.0,601.9148281350325,52.641880731349545,398.794240369925,52.641880731349545
Kerala,2021,800,0.71,1791.0957348108775,89.62809537926424,1880.723830190142,164.1903897376074,1272.3320068895805,164.1903897376074
Kerala,2022,800,0.71,4131.471532122708,46.923593736269545,4178.395125858977,388.4212954182479,2758.976282202639,388.4212954182479
Kerala,2023,800,0.71,5832.650195204957,1708.7455933476106,7541.395788552567,600.6050827002501,5550.737312391554,600.6050827002501
Kerala,2024,800,0.71,7894.839513565194,507.204684645316,8402.044198210511,745.8227737682804,5702.728296157217,745.8227737682804
Ladakh,2014,800,0.71,0.0,0.0,0.0,0.0,0.0,0.0
Ladakh,2015,800,0.71,0.0,0.0,0.0,0.0,0.0,0.0
Ladakh,2016,800,0.71,0.0,0.0,0.0,0.0,0.0,0.0
Ladakh,2017,800,0.71,0.0,0.0,0.0,0.0,0.0,0.0
Ladakh,2018,800,0.71,0.0,0.0,0.0,0.0,0.0,0.0
Ladakh,2019,800,0.71,0.0,0.0,0.0,0.0,0.0,0.0
Ladakh,2020,800,0.71,0.0,0.0,0.0,0.0,0.0,0.0
Ladakh,2021,800,0.71,0.0,0.0,0.0,0.0,0.0,0.0
Ladakh,2022,800,0.71,0.0,0.0,0.0,0.0,0.0,0.0
Ladakh,2023,800,0.71,0.0,0.0,0.0,0.0,0.0,0.0
Ladakh,2024,800,0.71,0.0,0.0,0.0,0.0,0.0,0.0
Lakshadweep,2014,800,0.71,0.0,0.0,0.0,0.0,0.0,0.0
Lakshadweep,2015,800,0.71,0.0,0.0,0.0,0.0,0.0,0.0
Lakshadweep,2016,800,0.71,0.0,0.0,0.0,0.0,0.0,0.0
Lakshadweep,2017,800,0.71,0.0,0.0,0.0,0.0,0.0,0.0
Lakshadweep,2018,800,0.71,0.0,0.0,0.0,0.0,0.0,0.0
Lakshadweep,2019,800,0.71,0.0,0.0,0.0,0.0,0.0,0.0
Lakshadweep,2020,800,0.71,0.0,0.0,0.0,0.0,0.0,0.0
Lakshadweep,2021,800,0.71,0.0,0.0,0.0,0.0,0.0,0.0
Lakshadweep,2022,800,0.71,0.0,0.0,0.0,0.0,0.0,0.0
Lakshadweep,2023,800,0.71,0.0,0.0,0.0,0.0,0.0,0.0
Lakshadweep,2024,800,0.71,0.0,0.0,0.0,0.0,0.0,0.0
Madhya Pradesh,2014,800,0.71,0.0,0.0,0.0,0.0,0.0,0.0
Madhya Pradesh,2015,800,0.71,0.0,0.0,0.0,0.0,0.0,0.0
Madhya Pradesh,2016,800,0.71,0.0,0.0,0.0,0.0,0.0,0.0
Madhya Pradesh,2017,800,0.71,0.0,0.0,0.0,0.0,0.0,0.0
Madhya Pradesh,2018,800,0.71,0.0,0.0,0.0,0.0,0.0,0.0
Madhya Pradesh,2019,800,0.71,0.0,0.0,0.0,0.0,0.0,0.0
Madhya Pradesh,2020,800,0.71,1080.39392999319,0.0,1080.39392999319,113.0621414389644,697.233306055928,113.0621414389644
Madhya Pradesh,2021,800,0.71,3214.8883354843183,160.87600052093126,3375.76433600525,341.82239054760976,2236.6322430157747,341.82239054760976
Madhya Pradesh,2022,800,0.71,7415.69497311616,84.22448405733417,7499.919457173494,797.0912769354502,4852.261553717909,797.0912769354502
Madhya Pradesh,2023,800,0.71,10469.188616266068,3067.075740060046,13536.264356326115,1161.0454274237757,9880.172821939625,1161.0454274237757
Madhya Pradesh,2024,800,0.71,14170.670483653086,910.3960177435212,15081.066501396608,1453.6999748169158,10120.986521584928,1453.6999748169158
Maharashtra,2014,800,0.71,0.0,0.0,0.0,0.0,0.0,0.0
Maharashtra,2015,800,0.71,0.0,0.0,0.0,0.0,0.0,0.0
Maharashtra,2016,800,0.71,0.0,0.0,0.0,0.0,0.0,0.0
Maharashtra,2017,800,0.71,0.0,0.0,0.0,0.0,0.0,0.0
Maharashtra,2018,800,0.71,0.0,0.0,0.0,0.0,0.0,0.0
Maharashtra,2019,800,0.71,0.0,0.0,0.0,0.0,0.0,0.0
Maharashtra,2020,800,0.71,33224.775372857286,0.0,33224.775372857286,1596.1617456789713,23322.41978396399,1596.1617456789713
Maharashtra,2021,800,0.71,98865.73760735478,4947.333404793661,103813.07101214844,4800.825971453702,74493.007167526,4800.825971453702
Maharashtra,2022,800,0.71,228050.8922490562,2590.110408818537,230641.00265787472,10652.538129646446,163078.98107803406,10652.538129646446
Maharashtra,2023,800,0.71,321953.34540032747,94320.13609672664,416273.4814970541,32714.903169743215,306829.76289488724,32714.903169743215
Maharashtra,2024,800,0.71,435783.0330508432,27996.9207065639,463779.9537574072,40563.53291684268,315386.5961778476,40563.53291684268
Manipur,2014,800,0.71,0.0,0.0,0.0,0.0,0.0,0.0
Manipur,2015,800,0.71,0.0,0.0,0.0,0.0,0.0,0.0
Manipur,2016,800,0.71,0.0,0.0,0.0,0.0,0.0,0.0
Manipur,2017,800,0.71,0.0,0.0,0.0,0.0,0.0,0.0
Manipur,2018,800,0.71,0.0,0.0,0.0,0.0,0.0,0.0
Manipur,2019,800,0.71,0.0,0.0,0.0,0.0,0.0,0.0
Manipur,2020,800,0.71,3.56460075882868,0.0,3.56460075882868,0.09830003586258518,2.575150533258925,0.09830003586258518
Manipur,2021,800,0.71,10.607050893269188,0.5307866858691528,11.13783757913834,0.2666073835421032,8.240624181025556,0.2666073835421032
Manipur,2022,800,0.71,24.4669941162836,0.2778862889248367,24.74488040520844,0.5483638402227089,18.09084434855789,0.5483638402227089
Manipur,2023,800,0.71,34.54154697638651,10.11936498983476,44.66091196622128,0.8150422349475307,35.613832324095874,0.8150422349475307
Manipur,2024,800,0.71,46.75404161096996,3.003717667780325,49.757759278750285,1.0265986965459453,37.162375827346615,1.0265986965459453
Meghalaya,2014,800,0.71,0.0,0.0,0.0,0.0,0.0,0.0
Meghalaya,2015,800,0.71,0.0,0.0,0.0,0.0,0.0,0.0
Meghalaya,2016,800,0.71,0.0,0.0,0.0,0.0,0.0,0.0
Meghalaya,2017,800,0.71,0.0,0.0,0.0,0.0,0.0,0.0
Meghalaya,2018,800,0.71,0.0,0.0,0.0,0.0,0.0,0.0
Meghalaya,2019,800,0.71,0.0,0.0,0.0,0.0,0.0,0.0
Meghalaya,2020,800,0.71,4.478600953400137,0.0,4.478600953400137,0.1029976890071145,3.2559530260429876,0.1029976890071145
Meghalaya,2021,800,0.71,13.326807532568983,0.6668858360920125,13.993693368660995,0.2991559772648613,10.389417014115018,0.2991559772648613
Meghalaya,2022,800,0.71,30.74058235122811,0.3491391835209487,31.08972153474906,0.6889699531003265,22.729522386649645,0.6889699531003265
Meghalaya,2023,800,0.71,43.39835389340869,12.714073961587266,56.11242785499596,1.024027423395616,44.74558420206918,1.024027423395616
Meghalaya,2024,800,0.71,58.74225740865456,3.773901685159895,62.51615909381445,1.2898291315577266,46.69119014205088,1.2898291315577266
Mizoram,2014,800,0.71,0.0,0.0,0.0,0.0,0.0,0.0
Mizoram,2015,800,0.71,0.0,0.0,0.0,0.0,0.0,0.0
Mizoram,2016,800,0.71,0.0,0.0,0.0,0.0,0.0,0.0
Mizoram,2017,800,0.71,0.0,0.0,0.0,0.0,0.0,0.0
Mizoram,2018,800,0.71,0.0,0.0,0.0,0.0,0.0,0.0
Mizoram,2019,800,0.71,0.0,0.0,0.0,0.0,0.0,0.0
Mizoram,2020,800,0.71,1.828000389142913,0.0,1.828000389142913,0.055524360650735585,1.315475931206449,0.055524360650735585
Mizoram,2021,800,0.71,5.439513278599584,0.2721983004457193,5.711711579045304,0.16759438502233126,4.195088468602108,0.16759438502233126
Mizoram,2022,800,0.71,12.547176469889024,0.1425057891922239,12.689682259081248,0.37494963434031375,9.183618667598454,0.37494963434031375
Mizoram,2023,800,0.71,17.713613834044367,5.189417943505005,22.903031777549373,0.41797037689616967,18.263503755946605,0.41797037689616967
Mizoram,2024,800,0.71,23.97643159536921,1.5403680347591406,25.516799630128347,0.5264608700235617,19.057628629408512,0.5264608700235617
Nagaland,2014,800,0.71,0.0,0.0,0.0,0.0,0.0,0.0
Nagaland,2015,800,0.71,0.0,0.0,0.0,0.0,0.0,0.0
Nagaland,2016,800,0.71,0.0,0.0,0.0,0.0,0.0,0.0
Nagaland,2017,800,0.71,0.0,0.0,0.0,0.0,0.0,0.0
Nagaland,2018,800,0.71,0.0,0.0,0.0,0.0,0.0,0.0
Nagaland,2019,800,0.71,0.0,0.0,0.0,0.0,0.0,0.0
Nagaland,2020,800,0.71,2.970500632357233,0.0,2.970500632357233,0.06996422351064617,2.157911250757279,0.06996422351064617
Nagaland,2021,800,0.71,8.839209077724325,0.442322238224294,9.28153131594862,0.08481802695383343,7.004541610185884,0.08481802695383343
Nagaland,2022,800,0.71,20.389161763569668,0.231571907437364,20.62073367100703,0.4569698668522575,15.075703623798237,0.4569698668522575
Nagaland,2023,800,0.71,28.784622480322085,8.432804158195633,37.21742663851772,0.6792018624562757,29.67819360341323,0.6792018624562757
Nagaland,2024,800,0.71,38.96170134247497,2.503098056483604,41.46479939895857,0.8554989137882878,30.968646522788845,0.8554989137882878
Odisha,2014,800,0.71,0.0,0.0,0.0,0.0,0.0,0.0
Odisha,2015,800,0.71,0.0,0.0,0.0,0.0,0.0,0.0
Odisha,2016,800,0.71,0.0,0.0,0.0,0.0,0.0,0.0
Odisha,2017,800,0.71,0.0,0.0,0.0,0.0,0.0,0.0
Odisha,2018,800,0.71,0.0,0.0,0.0,0.0,0.0,0.0
Odisha,2019,800,0.71,0.0,0.0,0.0,0.0,0.0,0.0
Odisha,2020,800,0.71,261.22125560852226,0.0,261.22125560852226,18.96298872800953,176.95295297838217,18.96298872800953
Odisha,2021,800,0.71,777.3064475118804,38.8971371336933,816.2035846455736,59.05029659129446,564.3770831916381,59.05029659129446
Odisha,2022,800,0.71,1792.9915175471417,20.364077275568807,1813.3555948227104,144.41928864247424,1221.5001217045758,144.41928864247424
Odisha,2023,800,0.71,2531.2754168849387,741.5678241268653,3272.843241011804,221.375736364206,2448.206917219026,221.375736364206
Odisha,2024,800,0.71,3426.23207497826,220.11859216708123,3646.350667145341,290.2722871264542,2508.294102342391,290.2722871264542
Puducherry,2014,800,0.71,0.0,0.0,0.0,0.0,0.0,0.0
Puducherry,2015,800,0.71,0.0,0.0,0.0,0.0,0.0,0.0
Puducherry,2016,800,0.71,0.0,0.0,0.0,0.0,0.0,0.0
Puducherry,2017,800,0.71,0.0,0.0,0.0,0.0,0.0,0.0
Puducherry,2018,800,0.71,0.0,0.0,0.0,0.0,0.0,0.0
Puducherry,2019,800,0.71,0.0,0.0,0.0,0.0,0.0,0.0
Puducherry,2020,800,0.71,0.0,0.0,0.0,0.0,0.0,0.0
Puducherry,2021,800,0.71,0.0,0.0,0.0,0.0,0.0,0.0
Puducherry,2022,800,0.71,0.0,0.0,0.0,0.0,0.0,0.0
Puducherry,2023,800,0.71,0.0,0.0,0.0,0.0,0.0,0.0
Puducherry,2024,800,0.71,0.0,0.0,0.0,0.0,0.0,0.0
Punjab,2014,800,0.71,0.0,0.0,0.0,0.0,0.0,0.0
Punjab,2015,800,0.71,0.0,0.0,0.0,0.0,0.0,0.0
Punjab,2016,800,0.71,0.0,0.0,0.0,0.0,0.0,0.0
Punjab,2017,800,0.71,0.0,0.0,0.0,0.0,0.0,0.0
Punjab,2018,800,0.71,0.0,0.0,0.0,0.0,0.0,0.0
Punjab,2019,800,0.71,0.0,0.0,0.0,0.0,0.0,0.0
Punjab,2020,800,0.71,686.6426461718067,0.0,686.6426461718067,206.60319456230863,308.37879006654634,206.60319456230863
Punjab,2021,800,0.71,2043.217175273969,102.24448660492334,2145.461661878892,621.6449587203809,1017.0877881722996,621.6449587203809
Punjab,2022,800,0.71,4713.033161502064,53.528737065329125,4766.561898567394,1393.4694704414226,2196.967747974327,1393.4694704414226
Punjab,2023,800,0.71,6653.676196412913,1949.275115029068,8602.95131144198,2056.827209061528,4960.401512087537,2056.827209061528
Punjab,2024,800,0.71,9006.14711801056,578.6007430564024,9584.747861066962,2481.7067962519136,4874.566821972263,2481.7067962519136
Rajasthan,2014,800,0.71,0.0,0.0,0.0,0.0,0.0,0.0
Rajasthan,2015,800,0.71,0.0,0.0,0.0,0.0,0.0,0.0
Rajasthan,2016,800,0.71,0.0,0.0,0.0,0.0,0.0,0.0
Rajasthan,2017,800,0.71,0.0,0.0,0.0,0.0,0.0,0.0
Rajasthan,2018,800,0.71,0.0,0.0,0.0,0.0,0.0,0.0
Rajasthan,2019,800,0.71,0.0,0.0,0.0,0.0,0.0,0.0
Rajasthan,2020,800,0.71,7125.042816772059,0.0,7125.042816772059,1793.5043034496218,3550.277809129423,1793.5043034496218
Rajasthan,2021,800,0.71,21201.72689382956,1060.9541206047911,22262.68101443435,5503.5422638465825,11500.995761796741,5503.5422638465825
Rajasthan,2022,800,0.71,48905.4434060982,555.4483771792612,49460.89178327745,13181.6656414279,24075.00499324638,13181.6656414279
Rajasthan,2023,800,0.71,69042.79548130055,20226.924053848048,89269.7195351486,19389.296302462375,53425.95246197222,19389.296302462375
Rajasthan,2024,800,0.71,93453.53684006043,6003.930998281572,99457.46783834204,24601.01393877139,51732.38130540252,24601.01393877139
Sikkim,2014,800,0.71,0.0,0.0,0.0,0.0,0.0,0.0
Sikkim,2015,800,0.71,0.0,0.0,0.0,0.0,0.0,0.0
Sikkim,2016,800,0.71,0.0,0.0,0.0,0.0,0.0,0.0
Sikkim,2017,800,0.71,0.0,0.0,0.0,0.0,0.0,0.0
Sikkim,2018,800,0.71,0.0,0.0,0.0,0.0,0.0,0.0
Sikkim,2019,800,0.71,0.0,0.0,0.0,0.0,0.0,0.0
Sikkim,2020,800,0.71,0.0,0.0,0.0,0.0,0.0,0.0
Sikkim,2021,800,0.71,0.0,0.0,0.0,0.0,0.0,0.0
Sikkim,2022,800,0.71,0.0,0.0,0.0,0.0,0.0,0.0
Sikkim,2023,800,0.71,0.0,0.0,0.0,0.0,0.0,0.0
Sikkim,2024,800,0.71,0.0,0.0,0.0,0.0,0.0,0.0
Tamil Nadu,2014,800,0.71,0.0,0.0,0.0,0.0,0.0,0.0
Tamil Nadu,2015,800,0.71,0.0,0.0,0.0,0.0,0.0,0.0
Tamil Nadu,2016,800,0.71,0.0,0.0,0.0,0.0,0.0,0.0
Tamil Nadu,2017,800,0.71,0.0,0.0,0.0,0.0,0.0,0.0
Tamil Nadu,2018,800,0.71,0.0,0.0,0.0,0.0,0.0,0.0
Tamil Nadu,2019,800,0.71,0.0,0.0,0.0,0.0,0.0,0.0
Tamil Nadu,2020,800,0.71,191.3459407335344,0.0,191.3459407335344,27.70650035909166,115.80295519105913,27.70650035909166
Tamil Nadu,2021,800,0.71,569.3810524374115,28.49235709915568,597.8734095365672,88.65171720331998,368.0121104998185,88.65171720331998
Tamil Nadu,2022,800,0.71,1313.3756969856336,14.916793483696049,1328.2924904693296,180.22591503103536,820.317221974405,180.22591503103536
Tamil Nadu,2023,800,0.71,1854.1725280785936,543.2023232363864,2397.37485131498,258.6912037192592,1696.792101136058,258.6912037192592
Tamil Nadu,2024,800,0.71,2509.7329772452727,161.23802403841307,2670.971001283686,327.38139775737073,1722.5831705956823,327.38139775737073
Telangana,2014,800,0.71,0.0,0.0,0.0,0.0,0.0,0.0
Telangana,2015,800,0.71,0.0,0.0,0.0,0.0,0.0,0.0
Telangana,2016,800,0.71,0.0,0.0,0.0,0.0,0.0,0.0
Telangana,2017,800,0.71,0.0,0.0,0.0,0.0,0.0,0.0
Telangana,2018,800,0.71,0.0,0.0,0.0,0.0,0.0,0.0
Telangana,2019,800,0.71,0.0,0.0,0.0,0.0,0.0,0.0
Telangana,2020,800,0.71,0.0,0.0,0.0,0.0,0.0,0.0
Telangana,2021,800,0.71,0.0,0.0,0.0,0.0,0.0,0.0
Telangana,2022,800,0.71,0.0,0.0,0.0,0.0,0.0,0.0
Telangana,2023,800,0.71,0.0,0.0,0.0,0.0,0.0,0.0
Telangana,2024,800,0.71,0.0,0.0,0.0,0.0,0.0,0.0
Tripura,2014,800,0.71,0.0,0.0,0.0,0.0,0.0,0.0
Tripura,2015,800,0.71,0.0,0.0,0.0,0.0,0.0,0.0
Tripura,2016,800,0.71,0.0,0.0,0.0,0.0,0.0,0.0
Tripura,2017,800,0.71,0.0,0.0,0.0,0.0,0.0,0.0
Tripura,2018,800,0.71,0.0,0.0,0.0,0.0,0.0,0.0
Tripura,2019,800,0.71,0.0,0.0,0.0,0.0,0.0,0.0
Tripura,2020,800,0.71,240.1992511333788,0.0,240.1992511333788,5.471925742129993,174.67751260790405,5.471925742129993
Tripura,2021,800,0.71,714.7520448079852,35.76685667856753,750.5189014865526,16.33291079235129,556.9236161739002,16.33291079235129
Tripura,2022,800,0.71,1648.698988143418,18.72526069985823,1667.424248843276,36.95128646423792,1219.0445884105159,36.95128646423792
Tripura,2023,800,0.71,2327.568857793429,681.8895177765578,3009.458375569987,54.92130752415669,2399.824393531383,54.92130752415669
Tripura,2024,800,0.71,3150.503111631514,202.4043597673512,3352.9074713988653,69.17695832109601,2504.17240190428,69.17695832109601
Uttar Pradesh,2014,800,0.71,0.0,0.0,0.0,0.0,0.0,0.0
Uttar Pradesh,2015,800,0.71,0.0,0.0,0.0,0.0,0.0,0.0
Uttar Pradesh,2016,800,0.71,0.0,0.0,0.0,0.0,0.0,0.0
Uttar Pradesh,2017,800,0.71,0.0,0.0,0.0,0.0,0.0,0.0
Uttar Pradesh,2018,800,0.71,0.0,0.0,0.0,0.0,0.0,0.0
Uttar Pradesh,2019,800,0.71,0.0,0.0,0.0,0.0,0.0,0.0
Uttar Pradesh,2020,800,0.71,3217.646284969355,0.0,3217.646284969355,423.6610078991361,1989.5737058278796,423.6610078991361
Uttar Pradesh,2021,800,0.71,9574.631272990986,479.1234484445552,10053.754721435542,1243.7151364935876,6435.479222456153,1243.7151364935876
Uttar Pradesh,2022,800,0.71,22085.54002229866,250.83869013615265,22336.378712434813,2877.5782830809712,13947.413641991645,2877.5782830809712
Uttar Pradesh,2023,800,0.71,31179.50307068488,9134.413464157513,40313.91653484239,4164.715418121461,28718.415350508392,4164.715418121461
Uttar Pradesh,2024,800,0.71,42203.314894168885,2711.35581478304,44914.670708951926,5222.748322369608,29249.166014530743,5222.748322369608
Uttarakhand,2014,800,0.71,0.0,0.0,0.0,0.0,0.0,0.0
Uttarakhand,2015,800,0.71,0.0,0.0,0.0,0.0,0.0,0.0
Uttarakhand,2016,800,0.71,0.0,0.0,0.0,0.0,0.0,0.0
Uttarakhand,2017,800,0.71,0.0,0.0,0.0,0.0,0.0,0.0
Uttarakhand,2018,800,0.71,0.0,0.0,0.0,0.0,0.0,0.0
Uttarakhand,2019,800,0.71,0.0,0.0,0.0,0.0,0.0,0.0
Uttarakhand,2020,800,0.71,62.47191329895906,0.0,62.47191329895906,5.5345634540012805,41.319371520218006,5.5345634540012805
Uttarakhand,2021,800,0.71,185.8953662961408,9.30237691773246,195.1977432138732,16.3423290561625,132.75235746645276,16.3423290561625
Uttarakhand,2022,800,0.71,428.7997558584573,4.870135345644254,433.6698912041016,37.29222969073241,289.37184202802496,37.29222969073241
Uttarakhand,2023,800,0.71,605.3627527784661,177.34835821928357,782.7111109977496,59.067765929340084,579.3716125605616,59.067765929340084
Uttarakhand,2024,800,0.71,819.3945497717426,52.642077587893645,872.0366273596362,77.06247875822213,592.2237798848693,77.06247875822213
West Bengal,2014,800,0.71,0.0,0.0,0.0,0.0,0.0,0.0
West Bengal,2015,800,0.71,0.0,0.0,0.0,0.0,0.0,0.0
West Bengal,2016,800,0.71,0.0,0.0,0.0,0.0,0.0,0.0
West Bengal,2017,800,0.71,0.0,0.0,0.0,0.0,0.0,0.0
West Bengal,2018,800,0.71,0.0,0.0,0.0,0.0,0.0,0.0
West Bengal,2019,800,0.71,0.0,0.0,0.0,0.0,0.0,0.0
West Bengal,2020,800,0.71,0.9140001945714564,0.0,0.9140001945714564,0.061853635282017635,0.6236465106465747,0.061853635282017635
West Bengal,2021,800,0.71,2.719756639299792,0.1360991502228596,2.855855789522652,0.18663894196139003,1.99470248485083,0.18663894196139003
West Bengal,2022,800,0.71,6.273588234944512,0.0712528945961119,6.344841129540624,0.43463083769755817,4.3446533132718255,0.43463083769755817
West Bengal,2023,800,0.71,8.856806917022183,2.5947089717525027,11.451515888774686,0.7491701035486947,8.591566962872692,0.7491701035486947
West Bengal,2024,800,0.71,11.988215797684605,0.7701840173795703,12.758399815064172,0.9608963799670048,8.83114836974903,0.9608963799670048
Andaman and Nicobar Islands,2014,800,0.7383,0.0,0.0,0.0,0.0,0.0,0.0
Andaman and Nicobar Islands,2015,800,0.7383,0.0,0.0,0.0,0.0,0.0,0.0
Andaman and Nicobar Islands,2016,800,0.7383,0.0,0.0,0.0,0.0,0.0,0.0
Andaman and Nicobar Islands,2017,800,0.7383,0.0,0.0,0.0,0.0,0.0,0.0
Andaman and Nicobar Islands,2018,800,0.7383,0.0,0.0,0.0,0.0,0.0,0.0
Andaman and Nicobar Islands,2019,800,0.7383,0.0,0.0,0.0,0.0,0.0,0.0
Andaman and Nicobar Islands,2020,800,0.7383,0.0,0.0,0.0,0.0,0.0,0.0
Andaman and Nicobar Islands,2021,800,0.7383,0.0,0.0,0.0,0.0,0.0,0.0
Andaman and Nicobar Islands,2022,800,0.7383,0.0,0.0,0.0,0.0,0.0,0.0
Andaman and Nicobar Islands,2023,800,0.7383,0.0,0.0,0.0,0.0,0.0,0.0
Andaman and Nicobar Islands,2024,800,0.7383,0.0,0.0,0.0,0.0,0.0,0.0
Andhra Pradesh,2014,800,0.7383,0.0,0.0,0.0,0.0,0.0,0.0
Andhra Pradesh,2015,800,0.7383,0.0,0.0,0.0,0.0,0.0,0.0
Andhra Pradesh,2016,800,0.7383,0.0,0.0,0.0,0.0,0.0,0.0
Andhra Pradesh,2017,800,0.7383,0.0,0.0,0.0,0.0,0.0,0.0
Andhra Pradesh,2018,800,0.7383,0.0,0.0,0.0,0.0,0.0,0.0
Andhra Pradesh,2019,800,0.7383,0.0,0.0,0.0,0.0,0.0,0.0
Andhra Pradesh,2020,800,0.7383,0.0,0.0,0.0,0.0,0.0,0.0
Andhra Pradesh,2021,800,0.7383,0.0,0.0,0.0,0.0,0.0,0.0
Andhra Pradesh,2022,800,0.7383,0.0,0.0,0.0,0.0,0.0,0.0
Andhra Pradesh,2023,800,0.7383,0.0,0.0,0.0,0.0,0.0,0.0
Andhra Pradesh,2024,800,0.7383,0.0,0.0,0.0,0.0,0.0,0.0
Arunachal Pradesh,2014,800,0.7383,0.0,0.0,0.0,0.0,0.0,0.0
Arunachal Pradesh,2015,800,0.7383,0.0,0.0,0.0,0.0,0.0,0.0
Arunachal Pradesh,2016,800,0.7383,0.0,0.0,0.0,0.0,0.0,0.0
Arunachal Pradesh,2017,800,0.7383,0.0,0.0,0.0,0.0,0.0,0.0
Arunachal Pradesh,2018,800,0.7383,0.0,0.0,0.0,0.0,0.0,0.0
Arunachal Pradesh,2019,800,0.7383,0.0,0.0,0.0,0.0,0.0,0.0
Arunachal Pradesh,2020,800,0.7383,26.36890561338652,0.0,26.36890561338652,0.0,19.776679210039887,0.0
Arunachal Pradesh,2021,800,0.7383,78.464979043799,4.082965880683312,82.54794492448232,0.0,62.93170016353257,0.0
Arunachal Pradesh,2022,800,0.7383,180.9930205781492,2.137582321854829,183.130602900004,0.0,137.8823477554667,0.0
Arunachal Pradesh,2023,800,0.7383,255.51887955609,77.84110469918954,333.35998425527947,0.0,269.48026436625696,0.0
Arunachal Pradesh,2024,800,0.7383,345.86002576320084,23.10547170690714,368.965497470108,0.0,282.5004910293078,0.0
Assam,2014,800,0.7383,0.0,0.0,0.0,0.0,0.0,0.0
Assam,2015,800,0.7383,0.0,0.0,0.0,0.0,0.0,0.0
Assam,2016,800,0.7383,0.0,0.0,0.0,0.0,0.0,0.0
Assam,2017,800,0.7383,0.0,0.0,0.0,0.0,0.0,0.0
Assam,2018,800,0.7383,0.0,0.0,0.0,0.0,0.0,0.0
Assam,2019,800,0.7383,0.0,0.0,0.0,0.0,0.0,0.0
Assam,2020,800,0.7383,0.0,0.0,0.0,0.0,0.0,0.0
Assam,2021,800,0.7383,0.0,0.0,0.0,0.0,0.0,0.0
Assam,2022,800,0.7383,0.0,0.0,0.0,0.0,0.0,0.0
Assam,2023,800,0.7383,0.0,0.0,0.0,0.0,0.0,0.0
Assam,2024,800,0.7383,0.0,0.0,0.0,0.0,0.0,0.0
Bihar,2014,800,0.7383,0.0,0.0,0.0,0.0,0.0,0.0
Bihar,2015,800,0.7383,0.0,0.0,0.0,0.0,0.0,0.0
Bihar,2016,800,0.7383,0.0,0.0,0.0,0.0,0.0,0.0
Bihar,2017,800,0.7383,0.0,0.0,0.0,0.0,0.0,0.0
Bihar,2018,800,0.7383,0.0,0.0,0.0,0.0,0.0,0.0
Bihar,2019,800,0.7383,0.0,0.0,0.0,0.0,0.0,0.0
Bihar,2020,800,0.7383,0.0,0.0,0.0,0.0,0.0,0.0
Bihar,2021,800,0.7383,0.0,0.0,0.0,0.0,0.0,0.0
Bihar,2022,800,0.7383,0.0,0.0,0.0,0.0,0.0,0.0
Bihar,2023,800,0.7383,0.0,0.0,0.0,0.0,0.0,0.0
Bihar,2024,800,0.7383,0.0,0.0,0.0,0.0,0.0,0.0
Chandigarh,2014,800,0.7383,0.0,0.0,0.0,0.0,0.0,0.0
Chandigarh,2015,800,0.7383,0.0,0.0,0.0,0.0,0.0,0.0
Chandigarh,2016,800,0.7383,0.0,0.0,0.0,0.0,0.0,0.0
Chandigarh,2017,800,0.7383,0.0,0.0,0.0,0.0,0.0,0.0
Chandigarh,2018,800,0.7383,0.0,0.0,0.0,0.0,0.0,0.0
Chandigarh,2019,800,0.7383,0.0,0.0,0.0,0.0,0.0,0.0
Chandigarh,2020,800,0.7383,0.0,0.0,0.0,0.0,0.0,0.0
Chandigarh,2021,800,0.7383,0.0,0.0,0.0,0.0,0.0,0.0
Chandigarh,2022,800,0.7383,0.0,0.0,0.0,0.0,0.0,0.0
Chandigarh,2023,800,0.7383,0.0,0.0,0.0,0.0,0.0,0.0
Chandigarh,2024,800,0.7383,0.0,0.0,0.0,0.0,0.0,0.0
Chhattisgarh,2014,800,0.7383,0.0,0.0,0.0,0.0,0.0,0.0
Chhattisgarh,2015,800,0.7383,0.0,0.0,0.0,0.0,0.0,0.0
Chhattisgarh,2016,800,0.7383,0.0,0.0,0.0,0.0,0.0,0.0
Chhattisgarh,2017,800,0.7383,0.0,0.0,0.0,0.0,0.0,0.0
Chhattisgarh,2018,800,0.7383,0.0,0.0,0.0,0.0,0.0,0.0
Chhattisgarh,2019,800,0.7383,0.0,0.0,0.0,0.0,0.0,0.0
Chhattisgarh,2020,800,0.7383,0.0,0.0,0.0,0.0,0.0,0.0
Chhattisgarh,2021,800,0.7383,0.0,0.0,0.0,0.0,0.0,0.0
Chhattisgarh,2022,800,0.7383,0.0,0.0,0.0,0.0,0.0,0.0
Chhattisgarh,2023,800,0.7383,0.0,0.0,0.0,0.0,0.0,0.0
Chhattisgarh,2024,800,0.7383,0.0,0.0,0.0,0.0,0.0,0.0
Dadra and Nagar Haveli and Daman and Diu,2014,800,0.7383,0.0,0.0,0.0,0.0,0.0,0.0
Dadra and Nagar Haveli and Daman and Diu,2015,800,0.7383,0.0,0.0,0.0,0.0,0.0,0.0
Dadra and Nagar Haveli and Daman and Diu,2016,800,0.7383,0.0,0.0,0.0,0.0,0.0,0.0
Dadra and Nagar Haveli and Daman and Diu,2017,800,0.7383,0.0,0.0,0.0,0.0,0.0,0.0
Dadra and Nagar Haveli and Daman and Diu,2018,800,0.7383,0.0,0.0,0.0,0.0,0.0,0.0
Dadra and Nagar Haveli and Daman and Diu,2019,800,0.7383,0.0,0.0,0.0,0.0,0.0,0.0
Dadra and Nagar Haveli and Daman and Diu,2020,800,0.7383,0.0,0.0,0.0,0.0,0.0,0.0
Dadra and Nagar Haveli and Daman and Diu,2021,800,0.7383,0.0,0.0,0.0,0.0,0.0,0.0
Dadra and Nagar Haveli and Daman and Diu,2022,800,0.7383,0.0,0.0,0.0,0.0,0.0,0.0
Dadra and Nagar Haveli and Daman and Diu,2023,800,0.7383,0.0,0.0,0.0,0.0,0.0,0.0
Dadra and Nagar Haveli and Daman and Diu,2024,800,0.7383,0.0,0.0,0.0,0.0,0.0,0.0
Delhi,2014,800,0.7383,0.0,0.0,0.0,0.0,0.0,0.0
Delhi,2015,800,0.7383,0.0,0.0,0.0,0.0,0.0,0.0
Delhi,2016,800,0.7383,0.0,0.0,0.0,0.0,0.0,0.0
Delhi,2017,800,0.7383,0.0,0.0,0.0,0.0,0.0,0.0
Delhi,2018,800,0.7383,0.0,0.0,0.0,0.0,0.0,0.0
Delhi,2019,800,0.7383,0.0,0.0,0.0,0.0,0.0,0.0
Delhi,2020,800,0.7383,0.0,0.0,0.0,0.0,0.0,0.0
Delhi,2021,800,0.7383,0.0,0.0,0.0,0.0,0.0,0.0
Delhi,2022,800,0.7383,0.0,0.0,0.0,0.0,0.0,0.0
Delhi,2023,800,0.7383,0.0,0.0,0.0,0.0,0.0,0.0
Delhi,2024,800,0.7383,0.0,0.0,0.0,0.0,0.0,0.0
Goa,2014,800,0.7383,0.0,0.0,0.0,0.0,0.0,0.0
Goa,2015,800,0.7383,0.0,0.0,0.0,0.0,0.0,0.0
Goa,2016,800,0.7383,0.0,0.0,0.0,0.0,0.0,0.0
Goa,2017,800,0.7383,0.0,0.0,0.0,0.0,0.0,0.0
Goa,2018,800,0.7383,0.0,0.0,0.0,0.0,0.0,0.0
Goa,2019,800,0.7383,0.0,0.0,0.0,0.0,0.0,0.0
Goa,2020,800,0.7383,36.56000778285826,0.0,36.56000778285826,0.8825127303921221,26.53749310675157,0.8825127303921221
Goa,2021,800,0.7383,108.79026557199168,5.660957893495059,114.45122346548672,1.8162074586112322,85.43744961387758,1.8162074586112322
Goa,2022,800,0.7383,250.94352939778048,2.9637189904399706,253.90724838822044,8.723751246239127,182.44761479253617,8.723751246239127
Goa,2023,800,0.7383,354.2722766808872,107.92527514619,462.1975518270772,14.291243126833832,359.33823953002155,14.291243126833832
Goa,2024,800,0.7383,479.5286319073841,32.03531605810348,511.5639479654876,19.297949651583675,372.3838403370579,19.297949651583675
Gujarat,2014,800,0.7383,0.0,0.0,0.0,0.0,0.0,0.0
Gujarat,2015,800,0.7383,0.0,0.0,0.0,0.0,0.0,0.0
Gujarat,2016,800,0.7383,0.0,0.0,0.0,0.0,0.0,0.0
Gujarat,2017,800,0.7383,0.0,0.0,0.0,0.0,0.0,0.0
Gujarat,2018,800,0.7383,0.0,0.0,0.0,0.0,0.0,0.0
Gujarat,2019,800,0.7383,0.0,0.0,0.0,0.0,0.0,0.0
Gujarat,2020,800,0.7383,8936.225602334858,0.0,8936.225602334858,772.2011590221562,5929.968042728988,772.2011590221562
Gujarat,2021,800,0.7383,26591.19665026603,1383.6867093148967,27974.883359580926,2424.9431706729392,18902.14102634148,2424.9431706729392
Gujarat,2022,800,0.7383,61337.18585246424,724.4107188870278,62061.59657135126,5772.887837646017,40954.41227058918,5772.887837646017
Gujarat,2023,800,0.7383,86593.44406807171,26379.77028420143,112973.21435227312,8447.64850764007,82877.20482761513,8447.64850764007
Gujarat,2024,800,0.7383,117209.38526475224,7830.272171647016,125039.65743639924,11161.262746103757,84576.04837410744,11161.262746103757
Haryana,2014,800,0.7383,0.0,0.0,0.0,0.0,0.0,0.0
Haryana,2015,800,0.7383,0.0,0.0,0.0,0.0,0.0,0.0
Haryana,2016,800,0.7383,0.0,0.0,0.0,0.0,0.0,0.0
Haryana,2017,800,0.7383,0.0,0.0,0.0,0.0,0.0,0.0
Haryana,2018,800,0.7383,0.0,0.0,0.0,0.0,0.0,0.0
Haryana,2019,800,0.7383,0.0,0.0,0.0,0.0,0.0,0.0
Haryana,2020,800,0.7383,7178.23762809612,0.0,7178.23762809612,1953.5490587112172,3430.1291623608713,1953.5490587112172
Haryana,2021,800,0.7383,21360.016730236814,1111.4795490061867,22471.496279243,5896.5803346233215,11234.911762060474,5896.5803346233215
Haryana,2022,800,0.7383,49270.56624137198,581.9002912317219,49852.4665326037,12258.02088718499,25276.804085075717,12258.02088718499
Haryana,2023,800,0.7383,69558.26164387123,21190.18342879688,90748.44507266812,17823.167227052374,55535.71243464794,17823.167227052374
Haryana,2024,800,0.7383,94151.2509994857,6289.853998993111,100441.1049984788,22485.822977462394,54417.469271145004,22485.822977462394
Himachal Pradesh,2014,800,0.7383,0.0,0.0,0.0,0.0,0.0,0.0
Himachal Pradesh,2015,800,0.7383,0.0,0.0,0.0,0.0,0.0,0.0
Himachal Pradesh,2016,800,0.7383,0.0,0.0,0.0,0.0,0.0,0.0
Himachal Pradesh,2017,800,0.7383,0.0,0.0,0.0,0.0,0.0,0.0
Himachal Pradesh,2018,800,0.7383,0.0,0.0,0.0,0.0,0.0,0.0
Himachal Pradesh,2019,800,0.7383,0.0,0.0,0.0,0.0,0.0,0.0
Himachal Pradesh,2020,800,0.7383,43.82630932970134,0.0,43.82630932970134,3.1288758277775433,29.740856169498457,3.1288758277775433
Himachal Pradesh,2021,800,0.7383,130.412330854425,6.786073274827201,137.1984041292522,8.95986245834247,95.63545895730348,8.95986245834247
Himachal Pradesh,2022,800,0.7383,300.81855586558936,3.552758139789915,304.37131400537925,20.074382592745348,209.09229244623657,20.074382592745348
Himachal Pradesh,2023,800,0.7383,424.68389167121353,129.37542358149528,554.0593152527088,28.01826804189553,419.8700742930099,28.01826804189553
Himachal Pradesh,2024,800,0.7383,574.8349474989767,38.40233512465154,613.2372826236283,35.82599914006017,433.7025466088239,35.82599914006017
Jammu and Kashmir,2014,800,0.7383,0.0,0.0,0.0,0.0,0.0,0.0
Jammu and Kashmir,2015,800,0.7383,0.0,0.0,0.0,0.0,0.0,0.0
Jammu and Kashmir,2016,800,0.7383,0.0,0.0,0.0,0.0,0.0,0.0
Jammu and Kashmir,2017,800,0.7383,0.0,0.0,0.0,0.0,0.0,0.0
Jammu and Kashmir,2018,800,0.7383,0.0,0.0,0.0,0.0,0.0,0.0
Jammu and Kashmir,2019,800,0.7383,0.0,0.0,0.0,0.0,0.0,0.0
Jammu and Kashmir,2020,800,0.7383,132.07302811557545,0.0,132.07302811557545,5.192090275455328,93.86268081122627,5.192090275455328
Jammu and Kashmir,2021,800,0.7383,393.00483437882,20.450210390250906,413.45504476907087,15.47526175060523,299.7285744237606,15.47526175060523
Jammu and Kashmir,2022,800,0.7383,906.533499949482,10.706434852964394,917.2399348024464,39.30233315644199,651.304226658634,39.30233315644199
Jammu and Kashmir,2023,800,0.7383,1279.8085995097051,389.8800564656114,1669.6886559753166,58.464024438728615,1291.2724816591615,58.464024438728615
Jammu and Kashmir,2024,800,0.7383,1732.2971827654253,115.72757925989885,1848.024762025324,67.79678850424223,1347.153677829726,67.79678850424223
Jharkhand,2014,800,0.7383,0.0,0.0,0.0,0.0,0.0,0.0
Jharkhand,2015,800,0.7383,0.0,0.0,0.0,0.0,0.0,0.0
Jharkhand,2016,800,0.7383,0.0,0.0,0.0,0.0,0.0,0.0
Jharkhand,2017,800,0.7383,0.0,0.0,0.0,0.0,0.0,0.0
Jharkhand,2018,800,0.7383,0.0,0.0,0.0,0.0,0.0,0.0
Jharkhand,2019,800,0.7383,0.0,0.0,0.0,0.0,0.0,0.0
Jharkhand,2020,800,0.7383,1620.4766449654635,0.0,1620.4766449654635,104.61743873918913,1110.7400449849085,104.61743873918913
Jharkhand,2021,800,0.7383,4821.992533646567,250.9148824318017,5072.907416078368,364.0565242151436,3503.352758451583,364.0565242151436
Jharkhand,2022,800,0.7383,11122.758261144872,131.36313960251366,11254.121400747386,634.6386468671627,7838.793188594005,634.6386468671627
Jharkhand,2023,800,0.7383,15702.675823534471,4783.65291426094,20486.32873779541,930.1541356621138,15630.505646249681,930.1541356621138
Jharkhand,2024,800,0.7383,21254.50719850492,1419.9253401303645,22674.432538635283,1173.4563987418016,16187.349340267252,1173.4563987418016
Karnataka,2014,800,0.7383,0.0,0.0,0.0,0.0,0.0,0.0
Karnataka,2015,800,0.7383,0.0,0.0,0.0,0.0,0.0,0.0
Karnataka,2016,800,0.7383,0.0,0.0,0.0,0.0,0.0,0.0
Karnataka,2017,800,0.7383,0.0,0.0,0.0,0.0,0.0,0.0
Karnataka,2018,800,0.7383,0.0,0.0,0.0,0.0,0.0,0.0
Karnataka,2019,800,0.7383,0.0,0.0,0.0,0.0,0.0,0.0
Karnataka,2020,800,0.7383,1085.8779311606188,0.0,1085.8779311606188,131.59207820651207,682.8163701639521,131.59207820651207
Karnataka,2021,800,0.7383,3231.206875320118,168.13752563417015,3399.344400954288,396.31065042226965,2195.232031701989,396.31065042226965
Karnataka,2022,800,0.7383,7453.336502525827,88.02615866480518,7541.362661190632,979.0295991628499,4698.998936396326,979.0295991628499
Karnataka,2023,800,0.7383,10522.329457768205,3205.5155784357767,13727.84503620398,1316.1083495019693,9781.154322259958,1316.1083495019693
Karnataka,2024,800,0.7383,14242.599778439197,951.4889310707462,15194.08870950994,1712.2643239623742,9921.17444093777,1712.2643239623742
Kerala,2014,800,0.7383,0.0,0.0,0.0,0.0,0.0,0.0
Kerala,2015,800,0.7383,0.0,0.0,0.0,0.0,0.0,0.0
Kerala,2016,800,0.7383,0.0,0.0,0.0,0.0,0.0,0.0
Kerala,2017,800,0.7383,0.0,0.0,0.0,0.0,0.0,0.0
Kerala,2018,800,0.7383,0.0,0.0,0.0,0.0,0.0,0.0
Kerala,2019,800,0.7383,0.0,0.0,0.0,0.0,0.0,0.0
Kerala,2020,800,0.7383,601.9148281350325,0.0,601.9148281350325,52.641880731349545,398.794240369925,52.641880731349545
Kerala,2021,800,0.7383,1791.0957348108775,93.20059551902928,1884.296330329907,164.1903897376074,1272.3320068895805,164.1903897376074
Kerala,2022,800,0.7383,4131.471532122708,48.793928528856064,4180.265460651563,388.4212954182479,2758.976282202639,388.4212954182479
Kerala,2023,800,0.7383,5832.650195204957,1776.854748688086,7609.504943893043,600.6050827002501,5550.737312391554,600.6050827002501
Kerala,2024,800,0.7383,7894.839513565194,527.4214347516012,8422.260948316796,745.8227737682804,5702.728296157217,745.8227737682804
Ladakh,2014,800,0.7383,0.0,0.0,0.0,0.0,0.0,0.0
Ladakh,2015,800,0.7383,0.0,0.0,0.0,0.0,0.0,0.0
Ladakh,2016,800,0.7383,0.0,0.0,0.0,0.0,0.0,0.0
Ladakh,2017,800,0.7383,0.0,0.0,0.0,0.0,0.0,0.0
Ladakh,2018,800,0.7383,0.0,0.0,0.0,0.0,0.0,0.0
Ladakh,2019,800,0.7383,0.0,0.0,0.0,0.0,0.0,0.0
Ladakh,2020,800,0.7383,0.0,0.0,0.0,0.0,0.0,0.0
Ladakh,2021,800,0.7383,0.0,0.0,0.0,0.0,0.0,0.0
Ladakh,2022,800,0.7383,0.0,0.0,0.0,0.0,0.0,0.0
Ladakh,2023,800,0.7383,0.0,0.0,0.0,0.0,0.0,0.0
Ladakh,2024,800,0.7383,0.0,0.0,0.0,0.0,0.0,0.0
Lakshadweep,2014,800,0.7383,0.0,0.0,0.0,0.0,0.0,0.0
Lakshadweep,2015,800,0.7383,0.0,0.0,0.0,0.0,0.0,0.0
Lakshadweep,2016,800,0.7383,0.0,0.0,0.0,0.0,0.0,0.0
Lakshadweep,2017,800,0.7383,0.0,0.0,0.0,0.0,0.0,0.0
Lakshadweep,2018,800,0.7383,0.0,0.0,0.0,0.0,0.0,0.0
Lakshadweep,2019,800,0.7383,0.0,0.0,0.0,0.0,0.0,0.0
Lakshadweep,2020,800,0.7383,0.0,0.0,0.0,0.0,0.0,0.0
Lakshadweep,2021,800,0.7383,0.0,0.0,0.0,0.0,0.0,0.0
Lakshadweep,2022,800,0.7383,0.0,0.0,0.0,0.0,0.0,0.0
Lakshadweep,2023,800,0.7383,0.0,0.0,0.0,0.0,0.0,0.0
Lakshadweep,2024,800,0.7383,0.0,0.0,0.0,0.0,0.0,0.0
Madhya Pradesh,2014,800,0.7383,0.0,0.0,0.0,0.0,0.0,0.0
Madhya Pradesh,2015,800,0.7383,0.0,0.0,0.0,0.0,0.0,0.0
Madhya Pradesh,2016,800,0.7383,0.0,0.0,0.0,0.0,0.0,0.0
Madhya Pradesh,2017,800,0.7383,0.0,0.0,0.0,0.0,0.0,0.0
Madhya Pradesh,2018,800,0.7383,0.0,0.0,0.0,0.0,0.0,0.0
Madhya Pradesh,2019,800,0.7383,0.0,0.0,0.0,0.0,0.0,0.0
Madhya Pradesh,2020,800,0.7383,1080.39392999319,0.0,1080.39392999319,113.0621414389644,697.233306055928,113.0621414389644
Madhya Pradesh,2021,800,0.7383,3214.8883354843183,167.28838195014583,3382.176717434464,341.82239054760976,2236.6322430157747,341.82239054760976
Madhya Pradesh,2022,800,0.7383,7415.69497311616,87.58160081623917,7503.276573932399,797.0912769354502,4852.261553717909,797.0912769354502
Madhya Pradesh,2023,800,0.7383,10469.188616266068,3189.326787163848,13658.515403429916,1161.0454274237757,9880.172821939625,1161.0454274237757
Madhya Pradesh,2024,800,0.7383,14170.670483653086,946.6836336620306,15117.354117315115,1453.6999748169158,10120.986521584928,1453.6999748169158
Maharashtra,2014,800,0.7383,0.0,0.0,0.0,0.0,0.0,0.0
Maharashtra,2015,800,0.7383,0.0,0.0,0.0,0.0,0.0,0.0
Maharashtra,2016,800,0.7383,0.0,0.0,0.0,0.0,0.0,0.0
Maharashtra,2017,800,0.7383,0.0,0.0,0.0,0.0,0.0,0.0
Maharashtra,2018,800,0.7383,0.0,0.0,0.0,0.0,0.0,0.0
Maharashtra,2019,800,0.7383,0.0,0.0,0.0,0.0,0.0,0.0
Maharashtra,2020,800,0.7383,33224.775372857286,0.0,33224.775372857286,1596.1617456789713,23322.41978396399,1596.1617456789713
Maharashtra,2021,800,0.7383,98865.73760735478,5144.529933463606,104010.2675408184,4800.825971453702,74493.007167526,4800.825971453702
Maharashtra,2022,800,0.7383,228050.8922490562,2693.3500208883465,230744.2422699445,10652.538129646446,163078.98107803406,10652.538129646446
Maharashtra,2023,800,0.7383,321953.34540032747,98079.65701438492,420033.0024147124,32714.903169743215,306829.76289488724,32714.903169743215
Maharashtra,2024,800,0.7383,435783.0330508432,29112.854306557925,464895.88735740114,40563.53291684268,315386.5961778476,40563.53291684268
Manipur,2014,800,0.7383,0.0,0.0,0.0,0.0,0.0,0.0
Manipur,2015,800,0.7383,0.0,0.0,0.0,0.0,0.0,0.0
Manipur,2016,800,0.7383,0.0,0.0,0.0,0.0,0.0,0.0
Manipur,2017,800,0.7383,0.0,0.0,0.0,0.0,0.0,0.0
Manipur,2018,800,0.7383,0.0,0.0,0.0,0.0,0.0,0.0
Manipur,2019,800,0.7383,0.0,0.0,0.0,0.0,0.0,0.0
Manipur,2020,800,0.7383,3.56460075882868,0.0,3.56460075882868,0.09830003586258518,2.575150533258925,0.09830003586258518
Manipur,2021,800,0.7383,10.607050893269188,0.5519433946157682,11.158994287884957,0.2666073835421032,8.240624181025556,0.2666073835421032
Manipur,2022,800,0.7383,24.4669941162836,0.2889626015678971,24.755956717851493,0.5483638402227089,18.09084434855789,0.5483638402227089
Manipur,2023,800,0.7383,34.54154697638651,10.522714326753526,45.06426130314004,0.8150422349475307,35.613832324095874,0.8150422349475307
Manipur,2024,800,0.7383,46.75404161096996,3.12344331566509,49.877484926635056,1.0265986965459453,37.162375827346615,1.0265986965459453
Meghalaya,2014,800,0.7383,0.0,0.0,0.0,0.0,0.0,0.0
Meghalaya,2015,800,0.7383,0.0,0.0,0.0,0.0,0.0,0.0
Meghalaya,2016,800,0.7383,0.0,0.0,0.0,0.0,0.0,0.0
Meghalaya,2017,800,0.7383,0.0,0.0,0.0,0.0,0.0,0.0
Meghalaya,2018,800,0.7383,0.0,0.0,0.0,0.0,0.0,0.0
Meghalaya,2019,800,0.7383,0.0,0.0,0.0,0.0,0.0,0.0
Meghalaya,2020,800,0.7383,4.478600953400137,0.0,4.478600953400137,0.1029976890071145,3.2559530260429876,0.1029976890071145
Meghalaya,2021,800,0.7383,13.326807532568983,0.6934673419531447,14.020274874522128,0.2991559772648613,10.389417014115018,0.2991559772648613
Meghalaya,2022,800,0.7383,30.74058235122811,0.3630555763288964,31.103637927557006,0.6889699531003265,22.729522386649645,0.6889699531003265
Meghalaya,2023,800,0.7383,43.39835389340869,13.22084620540828,56.61920009881697,1.024027423395616,44.74558420206918,1.024027423395616
Meghalaya,2024,800,0.7383,58.74225740865456,3.924326217117677,62.66658362577223,1.2898291315577266,46.69119014205088,1.2898291315577266
Mizoram,2014,800,0.7383,0.0,0.0,0.0,0.0,0.0,0.0
Mizoram,2015,800,0.7383,0.0,0.0,0.0,0.0,0.0,0.0
Mizoram,2016,800,0.7383,0.0,0.0,0.0,0.0,0.0,0.0
Mizoram,2017,800,0.7383,0.0,0.0,0.0,0.0,0.0,0.0
Mizoram,2018,800,0.7383,0.0,0.0,0.0,0.0,0.0,0.0
Mizoram,2019,800,0.7383,0.0,0.0,0.0,0.0,0.0,0.0
Mizoram,2020,800,0.7383,1.828000389142913,0.0,1.828000389142913,0.055524360650735585,1.315475931206449,0.055524360650735585
Mizoram,2021,800,0.7383,5.439513278599584,0.2830478946747529,5.722561173274337,0.16759438502233126,4.195088468602108,0.16759438502233126
Mizoram,2022,800,0.7383,12.547176469889024,0.1481859495219985,12.695362419411024,0.37494963434031375,9.183618667598454,0.37494963434031375
Mizoram,2023,800,0.7383,17.713613834044367,5.396263757309501,23.109877591353868,0.41797037689616967,18.263503755946605,0.41797037689616967
Mizoram,2024,800,0.7383,23.97643159536921,1.601765802905174,25.57819739827438,0.5264608700235617,19.057628629408512,0.5264608700235617
Nagaland,2014,800,0.7383,0.0,0.0,0.0,0.0,0.0,0.0
Nagaland,2015,800,0.7383,0.0,0.0,0.0,0.0,0.0,0.0
Nagaland,2016,800,0.7383,0.0,0.0,0.0,0.0,0.0,0.0
Nagaland,2017,800,0.7383,0.0,0.0,0.0,0.0,0.0,0.0
Nagaland,2018,800,0.7383,0.0,0.0,0.0,0.0,0.0,0.0
Nagaland,2019,800,0.7383,0.0,0.0,0.0,0.0,0.0,0.0
Nagaland,2020,800,0.7383,2.970500632357233,0.0,2.970500632357233,0.06996422351064617,2.157911250757279,0.06996422351064617
Nagaland,2021,800,0.7383,8.839209077724325,0.4599528288464736,9.2991619065708,0.08481802695383343,7.004541610185884,0.08481802695383343
Nagaland,2022,800,0.7383,20.389161763569668,0.2408021679732476,20.62996393154292,0.4569698668522575,15.075703623798237,0.4569698668522575
Nagaland,2023,800,0.7383,28.784622480322085,8.768928605627938,37.55355108595002,0.6792018624562757,29.67819360341323,0.6792018624562757
Nagaland,2024,800,0.7383,38.96170134247497,2.6028694297209083,41.56457077219588,0.8554989137882878,30.968646522788845,0.8554989137882878
Odisha,2014,800,0.7383,0.0,0.0,0.0,0.0,0.0,0.0
Odisha,2015,800,0.7383,0.0,0.0,0.0,0.0,0.0,0.0
Odisha,2016,800,0.7383,0.0,0.0,0.0,0.0,0.0,0.0
Odisha,2017,800,0.7383,0.0,0.0,0.0,0.0,0.0,0.0
Odisha,2018,800,0.7383,0.0,0.0,0.0,0.0,0.0,0.0
Odisha,2019,800,0.7383,0.0,0.0,0.0,0.0,0.0,0.0
Odisha,2020,800,0.7383,261.22125560852226,0.0,261.22125560852226,18.96298872800953,176.95295297838217,18.96298872800953
Odisha,2021,800,0.7383,777.3064475118804,40.4475441490222,817.7539916609026,59.05029659129446,564.3770831916381,59.05029659129446
Odisha,2022,800,0.7383,1792.9915175471417,21.175772186693592,1814.167289733836,144.41928864247424,1221.5001217045758,144.41928864247424
Odisha,2023,800,0.7383,2531.2754168849387,771.1260909195277,3302.4015078044663,221.375736364206,2448.206917219026,221.375736364206
Odisha,2024,800,0.7383,3426.23207497826,228.8923332351494,3655.124408213409,290.2722871264542,2508.294102342391,290.2722871264542
Puducherry,2014,800,0.7383,0.0,0.0,0.0,0.0,0.0,0.0
Puducherry,2015,800,0.7383,0.0,0.0,0.0,0.0,0.0,0.0
Puducherry,2016,800,0.7383,0.0,0.0,0.0,0.0,0.0,0.0
Puducherry,2017,800,0.7383,0.0,0.0,0.0,0.0,0.0,0.0
Puducherry,2018,800,0.7383,0.0,0.0,0.0,0.0,0.0,0.0
Puducherry,2019,800,0.7383,0.0,0.0,0.0,0.0,0.0,0.0
Puducherry,2020,800,0.7383,0.0,0.0,0.0,0.0,0.0,0.0
Puducherry,2021,800,0.7383,0.0,0.0,0.0,0.0,0.0,0.0
Puducherry,2022,800,0.7383,0.0,0.0,0.0,0.0,0.0,0.0
Puducherry,2023,800,0.7383,0.0,0.0,0.0,0.0,0.0,0.0
Puducherry,2024,800,0.7383,0.0,0.0,0.0,0.0,0.0,0.0
Punjab,2014,800,0.7383,0.0,0.0,0.0,0.0,0.0,0.0
Punjab,2015,800,0.7383,0.0,0.0,0.0,0.0,0.0,0.0
Punjab,2016,800,0.7383,0.0,0.0,0.0,0.0,0.0,0.0
Punjab,2017,800,0.7383,0.0,0.0,0.0,0.0,0.0,0.0
Punjab,2018,800,0.7383,0.0,0.0,0.0,0.0,0.0,0.0
Punjab,2019,800,0.7383,0.0,0.0,0.0,0.0,0.0,0.0
Punjab,2020,800,0.7383,686.6426461718067,0.0,686.6426461718067,206.60319456230863,308.37879006654634,206.60319456230863
Punjab,2021,800,0.7383,2043.217175273969,106.31986543720409,2149.5370407111727,621.6449587203809,1017.0877881722996,621.6449587203809
Punjab,2022,800,0.7383,4713.033161502064,55.66234728920069,4768.695508791265,1393.4694704414226,2196.967747974327,1393.4694704414226
Punjab,2023,800,0.7383,6653.676196412913,2026.971573839381,8680.647770252293,2056.827209061528,4960.401512087537,2056.827209061528
Punjab,2024,800,0.7383,9006.14711801056,601.6632797162562,9607.810397726817,2481.7067962519136,4874.566821972263,2481.7067962519136
Rajasthan,2014,800,0.7383,0.0,0.0,0.0,0.0,0.0,0.0
Rajasthan,2015,800,0.7383,0.0,0.0,0.0,0.0,0.0,0.0
Rajasthan,2016,800,0.7383,0.0,0.0,0.0,0.0,0.0,0.0
Rajasthan,2017,800,0.7383,0.0,0.0,0.0,0.0,0.0,0.0
Rajasthan,2018,800,0.7383,0.0,0.0,0.0,0.0,0.0,0.0
Rajasthan,2019,800,0.7383,0.0,0.0,0.0,0.0,0.0,0.0
Rajasthan,2020,800,0.7383,7125.042816772059,0.0,7125.042816772059,1793.5043034496218,3550.277809129423,1793.5043034496218
Rajasthan,2021,800,0.7383,21201.72689382956,1103.2428552711517,22304.96974910071,5503.5422638465825,11500.995761796741,5503.5422638465825
Rajasthan,2022,800,0.7383,48905.4434060982,577.5880801006317,49483.03148619883,13181.6656414279,24075.00499324638,13181.6656414279
Rajasthan,2023,800,0.7383,69042.79548130055,21033.15215345917,90075.94763475972,19389.296302462375,53425.95246197222,19389.296302462375
Rajasthan,2024,800,0.7383,93453.53684006043,6243.2426141285705,99696.77945418902,24601.01393877139,51732.38130540252,24601.01393877139
Sikkim,2014,800,0.7383,0.0,0.0,0.0,0.0,0.0,0.0
Sikkim,2015,800,0.7383,0.0,0.0,0.0,0.0,0.0,0.0
Sikkim,2016,800,0.7383,0.0,0.0,0.0,0.0,0.0,0.0
Sikkim,2017,800,0.7383,0.0,0.0,0.0,0.0,0.0,0.0
Sikkim,2018,800,0.7383,0.0,0.0,0.0,0.0,0.0,0.0
Sikkim,2019,800,0.7383,0.0,0.0,0.0,0.0,0.0,0.0
Sikkim,2020,800,0.7383,0.0,0.0,0.0,0.0,0.0,0.0
Sikkim,2021,800,0.7383,0.0,0.0,0.0,0.0,0.0,0.0
Sikkim,2022,800,0.7383,0.0,0.0,0.0,0.0,0.0,0.0
Sikkim,2023,800,0.7383,0.0,0.0,0.0,0.0,0.0,0.0
Sikkim,2024,800,0.7383,0.0,0.0,0.0,0.0,0.0,0.0
Tamil Nadu,2014,800,0.7383,0.0,0.0,0.0,0.0,0.0,0.0
Tamil Nadu,2015,800,0.7383,0.0,0.0,0.0,0.0,0.0,0.0
Tamil Nadu,2016,800,0.7383,0.0,0.0,0.0,0.0,0.0,0.0
Tamil Nadu,2017,800,0.7383,0.0,0.0,0.0,0.0,0.0,0.0
Tamil Nadu,2018,800,0.7383,0.0,0.0,0.0,0.0,0.0,0.0
Tamil Nadu,2019,800,0.7383,0.0,0.0,0.0,0.0,0.0,0.0
Tamil Nadu,2020,800,0.7383,191.3459407335344,0.0,191.3459407335344,27.70650035909166,115.80295519105913,27.70650035909166
Tamil Nadu,2021,800,0.7383,569.3810524374115,29.62803837507977,599.0090908124913,88.65171720331998,368.0121104998185,88.65171720331998
Tamil Nadu,2022,800,0.7383,1313.3756969856336,15.5113642662152,1328.8870612518488,180.22591503103536,820.317221974405,180.22591503103536
Tamil Nadu,2023,800,0.7383,1854.1725280785936,564.853908796372,2419.026436874966,258.6912037192592,1696.792101136058,258.6912037192592
Tamil Nadu,2024,800,0.7383,2509.7329772452727,167.66483541909912,2677.397812664372,327.38139775737073,1722.5831705956823,327.38139775737073
Telangana,2014,800,0.7383,0.0,0.0,0.0,0.0,0.0,0.0
Telangana,2015,800,0.7383,0.0,0.0,0.0,0.0,0.0,0.0
Telangana,2016,800,0.7383,0.0,0.0,0.0,0.0,0.0,0.0
Telangana,2017,800,0.7383,0.0,0.0,0.0,0.0,0.0,0.0
Telangana,2018,800,0.7383,0.0,0.0,0.0,0.0,0.0,0.0
Telangana,2019,800,0.7383,0.0,0.0,0.0,0.0,0.0,0.0
Telangana,2020,800,0.7383,0.0,0.0,0.0,0.0,0.0,0.0
Telangana,2021,800,0.7383,0.0,0.0,0.0,0.0,0.0,0.0
Telangana,2022,800,0.7383,0.0,0.0,0.0,0.0,0.0,0.0
Telangana,2023,800,0.7383,0.0,0.0,0.0,0.0,0.0,0.0
Telangana,2024,800,0.7383,0.0,0.0,0.0,0.0,0.0,0.0
Tripura,2014,800,0.7383,0.0,0.0,0.0,0.0,0.0,0.0
Tripura,2015,800,0.7383,0.0,0.0,0.0,0.0,0.0,0.0
Tripura,2016,800,0.7383,0.0,0.0,0.0,0.0,0.0,0.0
Tripura,2017,800,0.7383,0.0,0.0,0.0,0.0,0.0,0.0
Tripura,2018,800,0.7383,0.0,0.0,0.0,0.0,0.0,0.0
Tripura,2019,800,0.7383,0.0,0.0,0.0,0.0,0.0,0.0
Tripura,2020,800,0.7383,240.1992511333788,0.0,240.1992511333788,5.471925742129993,174.67751260790405,5.471925742129993
Tripura,2021,800,0.7383,714.7520448079852,37.19249336026254,751.9445381682477,16.33291079235129,556.9236161739002,16.33291079235129
Tripura,2022,800,0.7383,1648.698988143418,19.471633767190607,1668.1706219106084,36.95128646423792,1219.0445884105159,36.95128646423792
Tripura,2023,800,0.7383,2327.568857793429,709.0690577104685,3036.6379155038976,54.92130752415669,2399.824393531383,54.92130752415669
Tripura,2024,800,0.7383,3150.503111631514,210.47202650173992,3360.975138133254,69.17695832109601,2504.17240190428,69.17695832109601
Uttar Pradesh,2014,800,0.7383,0.0,0.0,0.0,0.0,0.0,0.0
Uttar Pradesh,2015,800,0.7383,0.0,0.0,0.0,0.0,0.0,0.0
Uttar Pradesh,2016,800,0.7383,0.0,0.0,0.0,0.0,0.0,0.0
Uttar Pradesh,2017,800,0.7383,0.0,0.0,0.0,0.0,0.0,0.0
Uttar Pradesh,2018,800,0.7383,0.0,0.0,0.0,0.0,0.0,0.0
Uttar Pradesh,2019,800,0.7383,0.0,0.0,0.0,0.0,0.0,0.0
Uttar Pradesh,2020,800,0.7383,3217.646284969355,0.0,3217.646284969355,423.6610078991361,1989.5737058278796,423.6610078991361
Uttar Pradesh,2021,800,0.7383,9574.631272990986,498.2209042065001,10072.852177197488,1243.7151364935876,6435.479222456153,1243.7151364935876
Uttar Pradesh,2022,800,0.7383,22085.54002229866,260.8369083486218,22346.37693064728,2877.5782830809712,13947.413641991645,2877.5782830809712
Uttar Pradesh,2023,800,0.7383,31179.50307068488,9498.503465616184,40678.006536301065,4164.715418121461,28718.415350508392,4164.715418121461
Uttar Pradesh,2024,800,0.7383,42203.314894168885,2819.428166273688,45022.743060442575,5222.748322369608,29249.166014530743,5222.748322369608
Uttarakhand,2014,800,0.7383,0.0,0.0,0.0,0.0,0.0,0.0
Uttarakhand,2015,800,0.7383,0.0,0.0,0.0,0.0,0.0,0.0
Uttarakhand,2016,800,0.7383,0.0,0.0,0.0,0.0,0.0,0.0
Uttarakhand,2017,800,0.7383,0.0,0.0,0.0,0.0,0.0,0.0
Uttarakhand,2018,800,0.7383,0.0,0.0,0.0,0.0,0.0,0.0
Uttarakhand,2019,800,0.7383,0.0,0.0,0.0,0.0,0.0,0.0
Uttarakhand,2020,800,0.7383,62.47191329895906,0.0,62.47191329895906,5.5345634540012805,41.319371520218006,5.5345634540012805
Uttarakhand,2021,800,0.7383,185.8953662961408,9.673161800509682,195.56852809665045,16.3423290561625,132.75235746645276,16.3423290561625
Uttarakhand,2022,800,0.7383,428.7997558584573,5.0642548249143,433.8640106833717,37.29222969073241,289.37184202802496,37.29222969073241
Uttarakhand,2023,800,0.7383,605.3627527784661,184.4173139060522,789.7800666845183,59.067765929340084,579.3716125605616,59.067765929340084
Uttarakhand,2024,800,0.7383,819.3945497717426,54.74034631428434,874.134896086027,77.06247875822213,592.2237798848693,77.06247875822213
West Bengal,2014,800,0.7383,0.0,0.0,0.0,0.0,0.0,0.0
West Bengal,2015,800,0.7383,0.0,0.0,0.0,0.0,0.0,0.0
West Bengal,2016,800,0.7383,0.0,0.0,0.0,0.0,0.0,0.0
West Bengal,2017,800,0.7383,0.0,0.0,0.0,0.0,0.0,0.0
West Bengal,2018,800,0.7383,0.0,0.0,0.0,0.0,0.0,0.0
West Bengal,2019,800,0.7383,0.0,0.0,0.0,0.0,0.0,0.0
West Bengal,2020,800,0.7383,0.9140001945714564,0.0,0.9140001945714564,0.061853635282017635,0.6236465106465747,0.061853635282017635
West Bengal,2021,800,0.7383,2.719756639299792,0.1415239473373764,2.8612805866371684,0.18663894196139003,1.99470248485083,0.18663894196139003
West Bengal,2022,800,0.7383,6.273588234944512,0.0740929747609992,6.347681209705511,0.43463083769755817,4.3446533132718255,0.43463083769755817
West Bengal,2023,800,0.7383,8.856806917022183,2.6981318786547503,11.554938795676934,0.7491701035486947,8.591566962872692,0.7491701035486947
West Bengal,2024,800,0.7383,11.988215797684605,0.800882901452587,12.78909869913719,0.9608963799670048,8.83114836974903,0.9608963799670048
Andaman and Nicobar Islands,2014,800,0.79,0.0,0.0,0.0,0.0,0.0,0.0
Andaman and Nicobar Islands,2015,800,0.79,0.0,0.0,0.0,0.0,0.0,0.0
Andaman and Nicobar Islands,2016,800,0.79,0.0,0.0,0.0,0.0,0.0,0.0
Andaman and Nicobar Islands,2017,800,0.79,0.0,0.0,0.0,0.0,0.0,0.0
Andaman and Nicobar Islands,2018,800,0.79,0.0,0.0,0.0,0.0,0.0,0.0
Andaman and Nicobar Islands,2019,800,0.79,0.0,0.0,0.0,0.0,0.0,0.0
Andaman and Nicobar Islands,2020,800,0.79,0.0,0.0,0.0,0.0,0.0,0.0
Andaman and Nicobar Islands,2021,800,0.79,0.0,0.0,0.0,0.0,0.0,0.0
Andaman and Nicobar Islands,2022,800,0.79,0.0,0.0,0.0,0.0,0.0,0.0
Andaman and Nicobar Islands,2023,800,0.79,0.0,0.0,0.0,0.0,0.0,0.0
Andaman and Nicobar Islands,2024,800,0.79,0.0,0.0,0.0,0.0,0.0,0.0
Andhra Pradesh,2014,800,0.79,0.0,0.0,0.0,0.0,0.0,0.0
Andhra Pradesh,2015,800,0.79,0.0,0.0,0.0,0.0,0.0,0.0
Andhra Pradesh,2016,800,0.79,0.0,0.0,0.0,0.0,0.0,0.0
Andhra Pradesh,2017,800,0.79,0.0,0.0,0.0,0.0,0.0,0.0
Andhra Pradesh,2018,800,0.79,0.0,0.0,0.0,0.0,0.0,0.0
Andhra Pradesh,2019,800,0.79,0.0,0.0,0.0,0.0,0.0,0.0
Andhra Pradesh,2020,800,0.79,0.0,0.0,0.0,0.0,0.0,0.0
Andhra Pradesh,2021,800,0.79,0.0,0.0,0.0,0.0,0.0,0.0
Andhra Pradesh,2022,800,0.79,0.0,0.0,0.0,0.0,0.0,0.0
Andhra Pradesh,2023,800,0.79,0.0,0.0,0.0,0.0,0.0,0.0
Andhra Pradesh,2024,800,0.79,0.0,0.0,0.0,0.0,0.0,0.0
Arunachal Pradesh,2014,800,0.79,0.0,0.0,0.0,0.0,0.0,0.0
Arunachal Pradesh,2015,800,0.79,0.0,0.0,0.0,0.0,0.0,0.0
Arunachal Pradesh,2016,800,0.79,0.0,0.0,0.0,0.0,0.0,0.0
Arunachal Pradesh,2017,800,0.79,0.0,0.0,0.0,0.0,0.0,0.0
Arunachal Pradesh,2018,800,0.79,0.0,0.0,0.0,0.0,0.0,0.0
Arunachal Pradesh,2019,800,0.79,0.0,0.0,0.0,0.0,0.0,0.0
Arunachal Pradesh,2020,800,0.79,26.36890561338652,0.0,26.36890561338652,0.0,19.776679210039887,0.0
Arunachal Pradesh,2021,800,0.79,78.464979043799,4.368878566625784,82.83385761042479,0.0,62.93170016353257,0.0
Arunachal Pradesh,2022,800,0.79,180.9930205781492,2.2872680946299813,183.2802886727792,0.0,137.8823477554667,0.0
Arunachal Pradesh,2023,800,0.79,255.51887955609,83.29198525309461,338.8108648091845,0.0,269.48026436625696,0.0
Arunachal Pradesh,2024,800,0.79,345.86002576320084,24.72344934099505,370.5834751041959,0.0,282.5004910293078,0.0
Assam,2014,800,0.79,0.0,0.0,0.0,0.0,0.0,0.0
Assam,2015,800,0.79,0.0,0.0,0.0,0.0,0.0,0.0
Assam,2016,800,0.79,0.0,0.0,0.0,0.0,0.0,0.0
Assam,2017,800,0.79,0.0,0.0,0.0,0.0,0.0,0.0
Assam,2018,800,0.79,0.0,0.0,0.0,0.0,0.0,0.0
Assam,2019,800,0.79,0.0,0.0,0.0,0.0,0.0,0.0
Assam,2020,800,0.79,0.0,0.0,0.0,0.0,0.0,0.0
Assam,2021,800,0.79,0.0,0.0,0.0,0.0,0.0,0.0
Assam,2022,800,0.79,0.0,0.0,0.0,0.0,0.0,0.0
Assam,2023,800,0.79,0.0,0.0,0.0,0.0,0.0,0.0
Assam,2024,800,0.79,0.0,0.0,0.0,0.0,0.0,0.0
Bihar,2014,800,0.79,0.0,0.0,0.0,0.0,0.0,0.0
Bihar,2015,800,0.79,0.0,0.0,0.0,0.0,0.0,0.0
Bihar,2016,800,0.79,0.0,0.0,0.0,0.0,0.0,0.0
Bihar,2017,800,0.79,0.0,0.0,0.0,0.0,0.0,0.0
Bihar,2018,800,0.79,0.0,0.0,0.0,0.0,0.0,0.0
Bihar,2019,800,0.79,0.0,0.0,0.0,0.0,0.0,0.0
Bihar,2020,800,0.79,0.0,0.0,0.0,0.0,0.0,0.0
Bihar,2021,800,0.79,0.0,0.0,0.0,0.0,0.0,0.0
Bihar,2022,800,0.79,0.0,0.0,0.0,0.0,0.0,0.0
Bihar,2023,800,0.79,0.0,0.0,0.0,0.0,0.0,0.0
Bihar,2024,800,0.79,0.0,0.0,0.0,0.0,0.0,0.0
Chandigarh,2014,800,0.79,0.0,0.0,0.0,0.0,0.0,0.0
Chandigarh,2015,800,0.79,0.0,0.0,0.0,0.0,0.0,0.0
Chandigarh,2016,800,0.79,0.0,0.0,0.0,0.0,0.0,0.0
Chandigarh,2017,800,0.79,0.0,0.0,0.0,0.0,0.0,0.0
Chandigarh,2018,800,0.79,0.0,0.0,0.0,0.0,0.0,0.0
Chandigarh,2019,800,0.79,0.0,0.0,0.0,0.0,0.0,0.0
Chandigarh,2020,800,0.79,0.0,0.0,0.0,0.0,0.0,0.0
Chandigarh,2021,800,0.79,0.0,0.0,0.0,0.0,0.0,0.0
Chandigarh,2022,800,0.79,0.0,0.0,0.0,0.0,0.0,0.0
Chandigarh,2023,800,0.79,0.0,0.0,0.0,0.0,0.0,0.0
Chandigarh,2024,800,0.79,0.0,0.0,0.0,0.0,0.0,0.0
Chhattisgarh,2014,800,0.79,0.0,0.0,0.0,0.0,0.0,0.0
Chhattisgarh,2015,800,0.79,0.0,0.0,0.0,0.0,0.0,0.0
Chhattisgarh,2016,800,0.79,0.0,0.0,0.0,0.0,0.0,0.0
Chhattisgarh,2017,800,0.79,0.0,0.0,0.0,0.0,0.0,0.0
Chhattisgarh,2018,800,0.79,0.0,0.0,0.0,0.0,0.0,0.0
Chhattisgarh,2019,800,0.79,0.0,0.0,0.0,0.0,0.0,0.0
Chhattisgarh,2020,800,0.79,0.0,0.0,0.0,0.0,0.0,0.0
Chhattisgarh,2021,800,0.79,0.0,0.0,0.0,0.0,0.0,0.0
Chhattisgarh,2022,800,0.79,0.0,0.0,0.0,0.0,0.0,0.0
Chhattisgarh,2023,800,0.79,0.0,0.0,0.0,0.0,0.0,0.0
Chhattisgarh,2024,800,0.79,0.0,0.0,0.0,0.0,0.0,0.0
Dadra and Nagar Haveli and Daman and Diu,2014,800,0.79,0.0,0.0,0.0,0.0,0.0,0.0
Dadra and Nagar Haveli and Daman and Diu,2015,800,0.79,0.0,0.0,0.0,0.0,0.0,0.0
Dadra and Nagar Haveli and Daman and Diu,2016,800,0.79,0.0,0.0,0.0,0.0,0.0,0.0
Dadra and Nagar Haveli and Daman and Diu,2017,800,0.79,0.0,0.0,0.0,0.0,0.0,0.0
Dadra and Nagar Haveli and Daman and Diu,2018,800,0.79,0.0,0.0,0.0,0.0,0.0,0.0
Dadra and Nagar Haveli and Daman and Diu,2019,800,0.79,0.0,0.0,0.0,0.0,0.0,0.0
Dadra and Nagar Haveli and Daman and Diu,2020,800,0.79,0.0,0.0,0.0,0.0,0.0,0.0
Dadra and Nagar Haveli and Daman and Diu,2021,800,0.79,0.0,0.0,0.0,0.0,0.0,0.0
Dadra and Nagar Haveli and Daman and Diu,2022,800,0.79,0.0,0.0,0.0,0.0,0.0,0.0
Dadra and Nagar Haveli and Daman and Diu,2023,800,0.79,0.0,0.0,0.0,0.0,0.0,0.0
Dadra and Nagar Haveli and Daman and Diu,2024,800,0.79,0.0,0.0,0.0,0.0,0.0,0.0
Delhi,2014,800,0.79,0.0,0.0,0.0,0.0,0.0,0.0
Delhi,2015,800,0.79,0.0,0.0,0.0,0.0,0.0,0.0
Delhi,2016,800,0.79,0.0,0.0,0.0,0.0,0.0,0.0
Delhi,2017,800,0.79,0.0,0.0,0.0,0.0,0.0,0.0
Delhi,2018,800,0.79,0.0,0.0,0.0,0.0,0.0,0.0
Delhi,2019,800,0.79,0.0,0.0,0.0,0.0,0.0,0.0
Delhi,2020,800,0.79,0.0,0.0,0.0,0.0,0.0,0.0
Delhi,2021,800,0.79,0.0,0.0,0.0,0.0,0.0,0.0
Delhi,2022,800,0.79,0.0,0.0,0.0,0.0,0.0,0.0
Delhi,2023,800,0.79,0.0,0.0,0.0,0.0,0.0,0.0
Delhi,2024,800,0.79,0.0,0.0,0.0,0.0,0.0,0.0
Goa,2014,800,0.79,0.0,0.0,0.0,0.0,0.0,0.0
Goa,2015,800,0.79,0.0,0.0,0.0,0.0,0.0,0.0
Goa,2016,800,0.79,0.0,0.0,0.0,0.0,0.0,0.0
Goa,2017,800,0.79,0.0,0.0,0.0,0.0,0.0,0.0
Goa,2018,800,0.79,0.0,0.0,0.0,0.0,0.0,0.0
Goa,2019,800,0.79,0.0,0.0,0.0,0.0,0.0,0.0
Goa,2020,800,0.79,36.56000778285826,0.0,36.56000778285826,0.8825127303921221,26.53749310675157,0.8825127303921221
Goa,2021,800,0.79,108.79026557199168,6.057370629637136,114.8476362016288,1.8162074586112322,85.43744961387758,1.8162074586112322
Goa,2022,800,0.79,250.94352939778048,3.171255590474843,254.1147849882553,8.723751246239127,182.44761479253617,8.723751246239127
Goa,2023,800,0.79,354.2722766808872,115.482821841379,469.7550985222662,14.291243126833832,359.33823953002155,14.291243126833832
Goa,2024,800,0.79,479.5286319073841,34.278612604499195,513.8072445118834,19.297949651583675,372.3838403370579,19.297949651583675
Gujarat,2014,800,0.79,0.0,0.0,0.0,0.0,0.0,0.0
Gujarat,2015,800,0.79,0.0,0.0,0.0,0.0,0.0,0.0
Gujarat,2016,800,0.79,0.0,0.0,0.0,0.0,0.0,0.0
Gujarat,2017,800,0.79,0.0,0.0,0.0,0.0,0.0,0.0
Gujarat,2018,800,0.79,0.0,0.0,0.0,0.0,0.0,0.0
Gujarat,2019,800,0.79,0.0,0.0,0.0,0.0,0.0,0.0
Gujarat,2020,800,0.79,8936.225602334858,0.0,8936.225602334858,772.2011590221562,5929.968042728988,772.2011590221562
Gujarat,2021,800,0.79,26591.19665026603,1480.580387862344,28071.777038128374,2424.9431706729392,18902.14102634148,2424.9431706729392
Gujarat,2022,800,0.79,61337.18585246424,775.1381117713016,62112.32396423554,5772.887837646017,40954.41227058918,5772.887837646017
Gujarat,2023,800,0.79,86593.44406807171,28227.033082106365,114820.47715017808,8447.64850764007,82877.20482761513,8447.64850764007
Gujarat,2024,800,0.79,117209.38526475224,8378.59273412047,125587.97799887272,11161.262746103757,84576.04837410744,11161.262746103757
Haryana,2014,800,0.79,0.0,0.0,0.0,0.0,0.0,0.0
Haryana,2015,800,0.79,0.0,0.0,0.0,0.0,0.0,0.0
Haryana,2016,800,0.79,0.0,0.0,0.0,0.0,0.0,0.0
Haryana,2017,800,0.79,0.0,0.0,0.0,0.0,0.0,0.0
Haryana,2018,800,0.79,0.0,0.0,0.0,0.0,0.0,0.0
Haryana,2019,800,0.79,0.0,0.0,0.0,0.0,0.0,0.0
Haryana,2020,800,0.79,7178.23762809612,0.0,7178.23762809612,1953.5490587112172,3430.1291623608713,1953.5490587112172
Haryana,2021,800,0.79,21360.016730236814,1189.311721136242,22549.32845137305,5896.5803346233215,11234.911762060474,5896.5803346233215
Haryana,2022,800,0.79,49270.56624137198,622.648286703319,49893.214528075296,12258.02088718499,25276.804085075717,12258.02088718499
Haryana,2023,800,0.79,69558.26164387123,22674.04159386365,92232.30323773489,17823.167227052374,55535.71243464794,17823.167227052374
Haryana,2024,800,0.79,94151.2509994857,6730.3056470331285,100881.55664651882,22485.822977462394,54417.469271145004,22485.822977462394
Himachal Pradesh,2014,800,0.79,0.0,0.0,0.0,0.0,0.0,0.0
Himachal Pradesh,2015,800,0.79,0.0,0.0,0.0,0.0,0.0,0.0
Himachal Pradesh,2016,800,0.79,0.0,0.0,0.0,0.0,0.0,0.0
Himachal Pradesh,2017,800,0.79,0.0,0.0,0.0,0.0,0.0,0.0
Himachal Pradesh,2018,800,0.79,0.0,0.0,0.0,0.0,0.0,0.0
Himachal Pradesh,2019,800,0.79,0.0,0.0,0.0,0.0,0.0,0.0
Himachal Pradesh,2020,800,0.79,43.82630932970134,0.0,43.82630932970134,3.1288758277775433,29.740856169498457,3.1288758277775433
Himachal Pradesh,2021,800,0.79,130.412330854425,7.261273042277516,137.6736038967025,8.95986245834247,95.63545895730348,8.95986245834247
Himachal Pradesh,2022,800,0.79,300.81855586558936,3.801542639081719,304.6200985046711,20.074382592745348,209.09229244623657,20.074382592745348
Himachal Pradesh,2023,800,0.79,424.68389167121353,138.43503268235307,563.1189243535666,28.01826804189553,419.8700742930099,28.01826804189553
Himachal Pradesh,2024,800,0.79,574.8349474989767,41.0914868596434,615.9264343586201,35.82599914006017,433.7025466088239,35.82599914006017
Jammu and Kashmir,2014,800,0.79,0.0,0.0,0.0,0.0,0.0,0.0
Jammu and Kashmir,2015,800,0.79,0.0,0.0,0.0,0.0,0.0,0.0
Jammu and Kashmir,2016,800,0.79,0.0,0.0,0.0,0.0,0.0,0.0
Jammu and Kashmir,2017,800,0.79,0.0,0.0,0.0,0.0,0.0,0.0
Jammu and Kashmir,2018,800,0.79,0.0,0.0,0.0,0.0,0.0,0.0
Jammu and Kashmir,2019,800,0.79,0.0,0.0,0.0,0.0,0.0,0.0
Jammu and Kashmir,2020,800,0.79,132.07302811557545,0.0,132.07302811557545,5.192090275455328,93.86268081122627,5.192090275455328
Jammu and Kashmir,2021,800,0.79,393.00483437882,21.88225139956415,414.8870857783841,15.47526175060523,299.7285744237606,15.47526175060523
Jammu and Kashmir,2022,800,0.79,906.533499949482,11.456160820590371,917.9896607700724,39.30233315644199,651.304226658634,39.30233315644199
Jammu and Kashmir,2023,800,0.79,1279.8085995097051,417.1816939019817,1696.9902934116867,58.464024438728615,1291.2724816591615,58.464024438728615
Jammu and Kashmir,2024,800,0.79,1732.2971827654253,123.83148803375336,1856.1286707991787,67.79678850424223,1347.153677829726,67.79678850424223
Jharkhand,2014,800,0.79,0.0,0.0,0.0,0.0,0.0,0.0
Jharkhand,2015,800,0.79,0.0,0.0,0.0,0.0,0.0,0.0
Jharkhand,2016,800,0.79,0.0,0.0,0.0,0.0,0.0,0.0
Jharkhand,2017,800,0.79,0.0,0.0,0.0,0.0,0.0,0.0
Jharkhand,2018,800,0.79,0.0,0.0,0.0,0.0,0.0,0.0
Jharkhand,2019,800,0.79,0.0,0.0,0.0,0.0,0.0,0.0
Jharkhand,2020,800,0.79,1620.4766449654635,0.0,1620.4766449654635,104.61743873918913,1110.7400449849085,104.61743873918913
Jharkhand,2021,800,0.79,4821.992533646567,268.485381445379,5090.477915091946,364.0565242151436,3503.352758451583,364.0565242151436
Jharkhand,2022,800,0.79,11122.758261144872,140.56193997830937,11263.320201123182,634.6386468671627,7838.793188594005,634.6386468671627
Jharkhand,2023,800,0.79,15702.675823534471,5118.631724591824,20821.307548126297,930.1541356621138,15630.505646249681,930.1541356621138
Jharkhand,2024,800,0.79,21254.50719850492,1519.3566554286713,22773.863853933588,1173.4563987418016,16187.349340267252,1173.4563987418016
Karnataka,2014,800,0.79,0.0,0.0,0.0,0.0,0.0,0.0
Karnataka,2015,800,0.79,0.0,0.0,0.0,0.0,0.0,0.0
Karnataka,2016,800,0.79,0.0,0.0,0.0,0.0,0.0,0.0
Karnataka,2017,800,0.79,0.0,0.0,0.0,0.0,0.0,0.0
Karnataka,2018,800,0.79,0.0,0.0,0.0,0.0,0.0,0.0
Karnataka,2019,800,0.79,0.0,0.0,0.0,0.0,0.0,0.0
Karnataka,2020,800,0.79,1085.8779311606188,0.0,1085.8779311606188,131.59207820651207,682.8163701639521,131.59207820651207
Karnataka,2021,800,0.79,3231.206875320118,179.91147941351,3411.118354733628,396.31065042226965,2195.232031701989,396.31065042226965
Karnataka,2022,800,0.79,7453.336502525827,94.19025510659095,7547.526757632419,979.0295991628499,4698.998936396326,979.0295991628499
Karnataka,2023,800,0.79,10522.329457768205,3429.984162216259,13952.31361998446,1316.1083495019693,9781.154322259958,1316.1083495019693
Karnataka,2024,800,0.79,14242.599778439197,1018.1176426193816,15260.717421058576,1712.2643239623742,9921.17444093777,1712.2643239623742
Kerala,2014,800,0.79,0.0,0.0,0.0,0.0,0.0,0.0
Kerala,2015,800,0.79,0.0,0.0,0.0,0.0,0.0,0.0
Kerala,2016,800,0.79,0.0,0.0,0.0,0.0,0.0,0.0
Kerala,2017,800,0.79,0.0,0.0,0.0,0.0,0.0,0.0
Kerala,2018,800,0.79,0.0,0.0,0.0,0.0,0.0,0.0
Kerala,2019,800,0.79,0.0,0.0,0.0,0.0,0.0,0.0
Kerala,2020,800,0.79,601.9148281350325,0.0,601.9148281350325,52.641880731349545,398.794240369925,52.641880731349545
Kerala,2021,800,0.79,1791.0957348108775,99.7270357036884,1890.8227705145664,164.1903897376074,1272.3320068895805,164.1903897376074
Kerala,2022,800,0.79,4131.471532122708,52.21075922768021,4183.682291350388,388.4212954182479,2758.976282202639,388.4212954182479
Kerala,2023,800,0.79,5832.650195204957,1901.280308091004,7733.93050329596,600.6050827002501,5550.737312391554,600.6050827002501
Kerala,2024,800,0.79,7894.839513565194,564.3545082673236,8459.194021832518,745.8227737682804,5702.728296157217,745.8227737682804
Ladakh,2014,800,0.79,0.0,0.0,0.0,0.0,0.0,0.0
Ladakh,2015,800,0.79,0.0,0.0,0.0,0.0,0.0,0.0
Ladakh,2016,800,0.79,0.0,0.0,0.0,0.0,0.0,0.0
Ladakh,2017,800,0.79,0.0,0.0,0.0,0.0,0.0,0.0
Ladakh,2018,800,0.79,0.0,0.0,0.0,0.0,0.0,0.0
Ladakh,2019,800,0.79,0.0,0.0,0.0,0.0,0.0,0.0
Ladakh,2020,800,0.79,0.0,0.0,0.0,0.0,0.0,0.0
Ladakh,2021,800,0.79,0.0,0.0,0.0,0.0,0.0,0.0
Ladakh,2022,800,0.79,0.0,0.0,0.0,0.0,0.0,0.0
Ladakh,2023,800,0.79,0.0,0.0,0.0,0.0,0.0,0.0
Ladakh,2024,800,0.79,0.0,0.0,0.0,0.0,0.0,0.0
Lakshadweep,2014,800,0.79,0.0,0.0,0.0,0.0,0.0,0.0
Lakshadweep,2015,800,0.79,0.0,0.0,0.0,0.0,0.0,0.0
Lakshadweep,2016,800,0.79,0.0,0.0,0.0,0.0,0.0,0.0
Lakshadweep,2017,800,0.79,0.0,0.0,0.0,0.0,0.0,0.0
Lakshadweep,2018,800,0.79,0.0,0.0,0.0,0.0,0.0,0.0
Lakshadweep,2019,800,0.79,0.0,0.0,0.0,0.0,0.0,0.0
Lakshadweep,2020,800,0.79,0.0,0.0,0.0,0.0,0.0,0.0
Lakshadweep,2021,800,0.79,0.0,0.0,0.0,0.0,0.0,0.0
Lakshadweep,2022,800,0.79,0.0,0.0,0.0,0.0,0.0,0.0
Lakshadweep,2023,800,0.79,0.0,0.0,0.0,0.0,0.0,0.0
Lakshadweep,2024,800,0.79,0.0,0.0,0.0,0.0,0.0,0.0
Madhya Pradesh,2014,800,0.79,0.0,0.0,0.0,0.0,0.0,0.0
Madhya Pradesh,2015,800,0.79,0.0,0.0,0.0,0.0,0.0,0.0
Madhya Pradesh,2016,800,0.79,0.0,0.0,0.0,0.0,0.0,0.0
Madhya Pradesh,2017,800,0.79,0.0,0.0,0.0,0.0,0.0,0.0
Madhya Pradesh,2018,800,0.79,0.0,0.0,0.0,0.0,0.0,0.0
Madhya Pradesh,2019,800,0.79,0.0,0.0,0.0,0.0,0.0,0.0
Madhya Pradesh,2020,800,0.79,1080.39392999319,0.0,1080.39392999319,113.0621414389644,697.233306055928,113.0621414389644
Madhya Pradesh,2021,800,0.79,3214.8883354843183,179.00287381906438,3393.8912093033828,341.82239054760976,2236.6322430157747,341.82239054760976
Madhya Pradesh,2022,800,0.79,7415.69497311616,93.71456676801972,7509.40953988418,797.0912769354502,4852.261553717909,797.0912769354502
Madhya Pradesh,2023,800,0.79,10469.188616266068,3412.661738940052,13881.85035520612,1161.0454274237757,9880.172821939625,1161.0454274237757
Madhya Pradesh,2024,800,0.79,14170.670483653086,1012.9758507287067,15183.646334381792,1453.6999748169158,10120.986521584928,1453.6999748169158
Maharashtra,2014,800,0.79,0.0,0.0,0.0,0.0,0.0,0.0
Maharashtra,2015,800,0.79,0.0,0.0,0.0,0.0,0.0,0.0
Maharashtra,2016,800,0.79,0.0,0.0,0.0,0.0,0.0,0.0
Maharashtra,2017,800,0.79,0.0,0.0,0.0,0.0,0.0,0.0
Maharashtra,2018,800,0.79,0.0,0.0,0.0,0.0,0.0,0.0
Maharashtra,2019,800,0.79,0.0,0.0,0.0,0.0,0.0,0.0
Maharashtra,2020,800,0.79,33224.775372857286,0.0,33224.775372857286,1596.1617456789713,23322.41978396399,1596.1617456789713
Maharashtra,2021,800,0.79,98865.73760735478,5504.7794222352,104370.51702958996,4800.825971453702,74493.007167526,4800.825971453702
Maharashtra,2022,800,0.79,228050.8922490562,2881.953835164288,230932.84608422048,10652.538129646446,163078.98107803406,10652.538129646446
Maharashtra,2023,800,0.79,321953.34540032747,104947.75706537192,426901.10246569937,32714.903169743215,306829.76289488724,32714.903169743215
Maharashtra,2024,800,0.79,435783.0330508432,31151.503321388,466934.5363722312,40563.53291684268,315386.5961778476,40563.53291684268
Manipur,2014,800,0.79,0.0,0.0,0.0,0.0,0.0,0.0
Manipur,2015,800,0.79,0.0,0.0,0.0,0.0,0.0,0.0
Manipur,2016,800,0.79,0.0,0.0,0.0,0.0,0.0,0.0
Manipur,2017,800,0.79,0.0,0.0,0.0,0.0,0.0,0.0
Manipur,2018,800,0.79,0.0,0.0,0.0,0.0,0.0,0.0
Manipur,2019,800,0.79,0.0,0.0,0.0,0.0,0.0,0.0
Manipur,2020,800,0.79,3.56460075882868,0.0,3.56460075882868,0.09830003586258518,2.575150533258925,0.09830003586258518
Manipur,2021,800,0.79,10.607050893269188,0.5905936363896207,11.197644529658808,0.2666073835421032,8.240624181025556,0.2666073835421032
Manipur,2022,800,0.79,24.4669941162836,0.3091974200712973,24.776191536354894,0.5483638402227089,18.09084434855789,0.5483638402227089
Manipur,2023,800,0.79,34.54154697638651,11.259575129534454,45.80112210592097,0.8150422349475307,35.613832324095874,0.8150422349475307
Manipur,2024,800,0.79,46.75404161096996,3.342164728938672,50.09620633990863,1.0265986965459453,37.162375827346615,1.0265986965459453
Meghalaya,2014,800,0.79,0.0,0.0,0.0,0.0,0.0,0.0
Meghalaya,2015,800,0.79,0.0,0.0,0.0,0.0,0.0,0.0
Meghalaya,2016,800,0.79,0.0,0.0,0.0,0.0,0.0,0.0
Meghalaya,2017,800,0.79,0.0,0.0,0.0,0.0,0.0,0.0
Meghalaya,2018,800,0.79,0.0,0.0,0.0,0.0,0.0,0.0
Meghalaya,2019,800,0.79,0.0,0.0,0.0,0.0,0.0,0.0
Meghalaya,2020,800,0.79,4.478600953400137,0.0,4.478600953400137,0.1029976890071145,3.2559530260429876,0.1029976890071145
Meghalaya,2021,800,0.79,13.326807532568983,0.7420279021305491,14.068835434699531,0.2991559772648613,10.389417014115018,0.2991559772648613
Meghalaya,2022,800,0.79,30.74058235122811,0.3884788098331683,31.12906116106128,0.6889699531003265,22.729522386649645,0.6889699531003265
Meghalaya,2023,800,0.79,43.39835389340869,14.14664567556893,57.544999568977616,1.024027423395616,44.74558420206918,1.024027423395616
Meghalaya,2024,800,0.79,58.74225740865456,4.199130044051151,62.94138745270571,1.2898291315577266,46.69119014205088,1.2898291315577266
Mizoram,2014,800,0.79,0.0,0.0,0.0,0.0,0.0,0.0
Mizoram,2015,800,0.79,0.0,0.0,0.0,0.0,0.0,0.0
Mizoram,2016,800,0.79,0.0,0.0,0.0,0.0,0.0,0.0
Mizoram,2017,800,0.79,0.0,0.0,0.0,0.0,0.0,0.0
Mizoram,2018,800,0.79,0.0,0.0,0.0,0.0,0.0,0.0
Mizoram,2019,800,0.79,0.0,0.0,0.0,0.0,0.0,0.0
Mizoram,2020,800,0.79,1.828000389142913,0.0,1.828000389142913,0.055524360650735585,1.315475931206449,0.055524360650735585
Mizoram,2021,800,0.79,5.439513278599584,0.3028685314818568,5.742381810081441,0.16759438502233126,4.195088468602108,0.16759438502233126
Mizoram,2022,800,0.79,12.547176469889024,0.1585627795237421,12.705739249412764,0.37494963434031375,9.183618667598454,0.37494963434031375
Mizoram,2023,800,0.79,17.713613834044367,5.774141092068951,23.48775492611332,0.41797037689616967,18.263503755946605,0.41797037689616967
Mizoram,2024,800,0.79,23.97643159536921,1.7139306302249595,25.690362225594164,0.5264608700235617,19.057628629408512,0.5264608700235617
Nagaland,2014,800,0.79,0.0,0.0,0.0,0.0,0.0,0.0
Nagaland,2015,800,0.79,0.0,0.0,0.0,0.0,0.0,0.0
Nagaland,2016,800,0.79,0.0,0.0,0.0,0.0,0.0,0.0
Nagaland,2017,800,0.79,0.0,0.0,0.0,0.0,0.0,0.0
Nagaland,2018,800,0.79,0.0,0.0,0.0,0.0,0.0,0.0
Nagaland,2019,800,0.79,0.0,0.0,0.0,0.0,0.0,0.0
Nagaland,2020,800,0.79,2.970500632357233,0.0,2.970500632357233,0.06996422351064617,2.157911250757279,0.06996422351064617
Nagaland,2021,800,0.79,8.839209077724325,0.4921613636580174,9.331370441382342,0.08481802695383343,7.004541610185884,0.08481802695383343
Nagaland,2022,800,0.79,20.389161763569668,0.2576645167260811,20.64682628029575,0.4569698668522575,15.075703623798237,0.4569698668522575
Nagaland,2023,800,0.79,28.784622480322085,9.382979274612044,38.167601754934125,0.6792018624562757,29.67819360341323,0.6792018624562757
Nagaland,2024,800,0.79,38.96170134247497,2.78513727411556,41.74683861659052,0.8554989137882878,30.968646522788845,0.8554989137882878
Odisha,2014,800,0.79,0.0,0.0,0.0,0.0,0.0,0.0
Odisha,2015,800,0.79,0.0,0.0,0.0,0.0,0.0,0.0
Odisha,2016,800,0.79,0.0,0.0,0.0,0.0,0.0,0.0
Odisha,2017,800,0.79,0.0,0.0,0.0,0.0,0.0,0.0
Odisha,2018,800,0.79,0.0,0.0,0.0,0.0,0.0,0.0
Odisha,2019,800,0.79,0.0,0.0,0.0,0.0,0.0,0.0
Odisha,2020,800,0.79,261.22125560852226,0.0,261.22125560852226,18.96298872800953,176.95295297838217,18.96298872800953
Odisha,2021,800,0.79,777.3064475118804,43.27991314875734,820.5863606606378,59.05029659129446,564.3770831916381,59.05029659129446
Odisha,2022,800,0.79,1792.9915175471417,22.65862119394276,1815.6501387410844,144.41928864247424,1221.5001217045758,144.41928864247424
Odisha,2023,800,0.79,2531.2754168849387,825.1247620566529,3356.4001789415915,221.375736364206,2448.206917219026,221.375736364206
Odisha,2024,800,0.79,3426.23207497826,244.9206870591468,3671.1527620374063,290.2722871264542,2508.294102342391,290.2722871264542
Puducherry,2014,800,0.79,0.0,0.0,0.0,0.0,0.0,0.0
Puducherry,2015,800,0.79,0.0,0.0,0.0,0.0,0.0,0.0
Puducherry,2016,800,0.79,0.0,0.0,0.0,0.0,0.0,0.0
Puducherry,2017,800,0.79,0.0,0.0,0.0,0.0,0.0,0.0
Puducherry,2018,800,0.79,0.0,0.0,0.0,0.0,0.0,0.0
Puducherry,2019,800,0.79,0.0,0.0,0.0,0.0,0.0,0.0
Puducherry,2020,800,0.79,0.0,0.0,0.0,0.0,0.0,0.0
Puducherry,2021,800,0.79,0.0,0.0,0.0,0.0,0.0,0.0
Puducherry,2022,800,0.79,0.0,0.0,0.0,0.0,0.0,0.0
Puducherry,2023,800,0.79,0.0,0.0,0.0,0.0,0.0,0.0
Puducherry,2024,800,0.79,0.0,0.0,0.0,0.0,0.0,0.0
Punjab,2014,800,0.79,0.0,0.0,0.0,0.0,0.0,0.0
Punjab,2015,800,0.79,0.0,0.0,0.0,0.0,0.0,0.0
Punjab,2016,800,0.79,0.0,0.0,0.0,0.0,0.0,0.0
Punjab,2017,800,0.79,0.0,0.0,0.0,0.0,0.0,0.0
Punjab,2018,800,0.79,0.0,0.0,0.0,0.0,0.0,0.0
Punjab,2019,800,0.79,0.0,0.0,0.0,0.0,0.0,0.0
Punjab,2020,800,0.79,686.6426461718067,0.0,686.6426461718067,206.60319456230863,308.37879006654634,206.60319456230863
Punjab,2021,800,0.79,2043.217175273969,113.76499213787248,2156.982167411841,621.6449587203809,1017.0877881722996,621.6449587203809
Punjab,2022,800,0.79,4713.033161502064,59.56014405860565,4772.59330556067,1393.4694704414226,2196.967747974327,1393.4694704414226
Punjab,2023,800,0.79,6653.676196412913,2168.911747708399,8822.587944121311,2056.827209061528,4960.401512087537,2056.827209061528
Punjab,2024,800,0.79,9006.14711801056,643.7951929782505,9649.94231098881,2481.7067962519136,4874.566821972263,2481.7067962519136
Rajasthan,2014,800,0.79,0.0,0.0,0.0,0.0,0.0,0.0
Rajasthan,2015,800,0.79,0.0,0.0,0.0,0.0,0.0,0.0
Rajasthan,2016,800,0.79,0.0,0.0,0.0,0.0,0.0,0.0
Rajasthan,2017,800,0.79,0.0,0.0,0.0,0.0,0.0,0.0
Rajasthan,2018,800,0.79,0.0,0.0,0.0,0.0,0.0,0.0
Rajasthan,2019,800,0.79,0.0,0.0,0.0,0.0,0.0,0.0
Rajasthan,2020,800,0.79,7125.042816772059,0.0,7125.042816772059,1793.5043034496218,3550.277809129423,1793.5043034496218
Rajasthan,2021,800,0.79,21201.72689382956,1180.49824687012,22382.22514069968,5503.5422638465825,11500.995761796741,5503.5422638465825
Rajasthan,2022,800,0.79,48905.4434060982,618.0341098191781,49523.47751591737,13181.6656414279,24075.00499324638,13181.6656414279
Rajasthan,2023,800,0.79,69042.79548130055,22506.01408808445,91548.809569385,19389.296302462375,53425.95246197222,19389.296302462375
Rajasthan,2024,800,0.79,93453.53684006043,6680.4302656935815,100133.96710575404,24601.01393877139,51732.38130540252,24601.01393877139
Sikkim,2014,800,0.79,0.0,0.0,0.0,0.0,0.0,0.0
Sikkim,2015,800,0.79,0.0,0.0,0.0,0.0,0.0,0.0
Sikkim,2016,800,0.79,0.0,0.0,0.0,0.0,0.0,0.0
Sikkim,2017,800,0.79,0.0,0.0,0.0,0.0,0.0,0.0
Sikkim,2018,800,0.79,0.0,0.0,0.0,0.0,0.0,0.0
Sikkim,2019,800,0.79,0.0,0.0,0.0,0.0,0.0,0.0
Sikkim,2020,800,0.79,0.0,0.0,0.0,0.0,0.0,0.0
Sikkim,2021,800,0.79,0.0,0.0,0.0,0.0,0.0,0.0
Sikkim,2022,800,0.79,0.0,0.0,0.0,0.0,0.0,0.0
Sikkim,2023,800,0.79,0.0,0.0,0.0,0.0,0.0,0.0
Sikkim,2024,800,0.79,0.0,0.0,0.0,0.0,0.0,0.0
Tamil Nadu,2014,800,0.79,0.0,0.0,0.0,0.0,0.0,0.0
Tamil Nadu,2015,800,0.79,0.0,0.0,0.0,0.0,0.0,0.0
Tamil Nadu,2016,800,0.79,0.0,0.0,0.0,0.0,0.0,0.0
Tamil Nadu,2017,800,0.79,0.0,0.0,0.0,0.0,0.0,0.0
Tamil Nadu,2018,800,0.79,0.0,0.0,0.0,0.0,0.0,0.0
Tamil Nadu,2019,800,0.79,0.0,0.0,0.0,0.0,0.0,0.0
Tamil Nadu,2020,800,0.79,191.3459407335344,0.0,191.3459407335344,27.70650035909166,115.80295519105913,27.70650035909166
Tamil Nadu,2021,800,0.79,569.3810524374115,31.702763532863365,601.0838159702749,88.65171720331998,368.0121104998185,88.65171720331998
Tamil Nadu,2022,800,0.79,1313.3756969856336,16.597558946647716,1329.9732559322813,180.22591503103536,820.317221974405,180.22591503103536
Tamil Nadu,2023,800,0.79,1854.1725280785936,604.4082188123174,2458.580746890911,258.6912037192592,1696.792101136058,258.6912037192592
Tamil Nadu,2024,800,0.79,2509.7329772452727,179.40568871879768,2689.1386659640702,327.38139775737073,1722.5831705956823,327.38139775737073
Telangana,2014,800,0.79,0.0,0.0,0.0,0.0,0.0,0.0
Telangana,2015,800,0.79,0.0,0.0,0.0,0.0,0.0,0.0
Telangana,2016,800,0.79,0.0,0.0,0.0,0.0,0.0,0.0
Telangana,2017,800,0.79,0.0,0.0,0.0,0.0,0.0,0.0
Telangana,2018,800,0.79,0.0,0.0,0.0,0.0,0.0,0.0
Telangana,2019,800,0.79,0.0,0.0,0.0,0.0,0.0,0.0
Telangana,2020,800,0.79,0.0,0.0,0.0,0.0,0.0,0.0
Telangana,2021,800,0.79,0.0,0.0,0.0,0.0,0.0,0.0
Telangana,2022,800,0.79,0.0,0.0,0.0,0.0,0.0,0.0
Telangana,2023,800,0.79,0.0,0.0,0.0,0.0,0.0,0.0
Telangana,2024,800,0.79,0.0,0.0,0.0,0.0,0.0,0.0
Tripura,2014,800,0.79,0.0,0.0,0.0,0.0,0.0,0.0
Tripura,2015,800,0.79,0.0,0.0,0.0,0.0,0.0,0.0
Tripura,2016,800,0.79,0.0,0.0,0.0,0.0,0.0,0.0
Tripura,2017,800,0.79,0.0,0.0,0.0,0.0,0.0,0.0
Tripura,2018,800,0.79,0.0,0.0,0.0,0.0,0.0,0.0
Tripura,2019,800,0.79,0.0,0.0,0.0,0.0,0.0,0.0
Tripura,2020,800,0.79,240.1992511333788,0.0,240.1992511333788,5.471925742129993,174.67751260790405,5.471925742129993
Tripura,2021,800,0.79,714.7520448079852,39.79692503671598,754.5489698447011,16.33291079235129,556.9236161739002,16.33291079235129
Tripura,2022,800,0.79,1648.698988143418,20.83514922941972,1669.5341373728377,36.95128646423792,1219.0445884105159,36.95128646423792
Tripura,2023,800,0.79,2327.568857793429,758.7221394978602,3086.290997291289,54.92130752415669,2399.824393531383,54.92130752415669
Tripura,2024,800,0.79,3150.503111631514,225.21048481155967,3375.7135964430736,69.17695832109601,2504.17240190428,69.17695832109601
Uttar Pradesh,2014,800,0.79,0.0,0.0,0.0,0.0,0.0,0.0
Uttar Pradesh,2015,800,0.79,0.0,0.0,0.0,0.0,0.0,0.0
Uttar Pradesh,2016,800,0.79,0.0,0.0,0.0,0.0,0.0,0.0
Uttar Pradesh,2017,800,0.79,0.0,0.0,0.0,0.0,0.0,0.0
Uttar Pradesh,2018,800,0.79,0.0,0.0,0.0,0.0,0.0,0.0
Uttar Pradesh,2019,800,0.79,0.0,0.0,0.0,0.0,0.0,0.0
Uttar Pradesh,2020,800,0.79,3217.646284969355,0.0,3217.646284969355,423.6610078991361,1989.5737058278796,423.6610078991361
Uttar Pradesh,2021,800,0.79,9574.631272990986,533.1091891143643,10107.74046210535,1243.7151364935876,6435.479222456153,1243.7151364935876
Uttar Pradesh,2022,800,0.79,22085.54002229866,279.1022045176909,22364.64222681635,2877.5782830809712,13947.413641991645,2877.5782830809712
Uttar Pradesh,2023,800,0.79,31179.50307068488,10163.643150259768,41343.14622094465,4164.715418121461,28718.415350508392,4164.715418121461
Uttar Pradesh,2024,800,0.79,42203.314894168885,3016.860695321974,45220.17558949086,5222.748322369608,29249.166014530743,5222.748322369608
Uttarakhand,2014,800,0.79,0.0,0.0,0.0,0.0,0.0,0.0
Uttarakhand,2015,800,0.79,0.0,0.0,0.0,0.0,0.0,0.0
Uttarakhand,2016,800,0.79,0.0,0.0,0.0,0.0,0.0,0.0
Uttarakhand,2017,800,0.79,0.0,0.0,0.0,0.0,0.0,0.0
Uttarakhand,2018,800,0.79,0.0,0.0,0.0,0.0,0.0,0.0
Uttarakhand,2019,800,0.79,0.0,0.0,0.0,0.0,0.0,0.0
Uttarakhand,2020,800,0.79,62.47191329895906,0.0,62.47191329895906,5.5345634540012805,41.319371520218006,5.5345634540012805
Uttarakhand,2021,800,0.79,185.8953662961408,10.350532063392455,196.2458983595332,16.3423290561625,132.75235746645276,16.3423290561625
Uttarakhand,2022,800,0.79,428.7997558584573,5.418882990223889,434.2186388486812,37.29222969073241,289.37184202802496,37.29222969073241
Uttarakhand,2023,800,0.79,605.3627527784661,197.3312718214564,802.6940245999225,59.067765929340084,579.3716125605616,59.067765929340084
Uttarakhand,2024,800,0.79,819.3945497717426,58.57357928793801,877.9681290596807,77.06247875822213,592.2237798848693,77.06247875822213
West Bengal,2014,800,0.79,0.0,0.0,0.0,0.0,0.0,0.0
West Bengal,2015,800,0.79,0.0,0.0,0.0,0.0,0.0,0.0
West Bengal,2016,800,0.79,0.0,0.0,0.0,0.0,0.0,0.0
West Bengal,2017,800,0.79,0.0,0.0,0.0,0.0,0.0,0.0
West Bengal,2018,800,0.79,0.0,0.0,0.0,0.0,0.0,0.0
West Bengal,2019,800,0.79,0.0,0.0,0.0,0.0,0.0,0.0
West Bengal,2020,800,0.79,0.9140001945714564,0.0,0.9140001945714564,0.061853635282017635,0.6236465106465747,0.061853635282017635
West Bengal,2021,800,0.79,2.719756639299792,0.1514342657409284,2.8711909050407205,0.18663894196139003,1.99470248485083,0.18663894196139003
West Bengal,2022,800,0.79,6.273588234944512,0.079281389761871,6.352869624706383,0.43463083769755817,4.3446533132718255,0.43463083769755817
West Bengal,2023,800,0.79,8.856806917022183,2.8870705460344754,11.74387746305666,0.7491701035486947,8.591566962872692,0.7491701035486947
West Bengal,2024,800,0.79,11.988215797684605,0.8569653151124798,12.845181112797082,0.9608963799670048,8.83114836974903,0.9608963799670048
